Sample_ID;1969004;196900135;196900136;196900143;196900145;196900148;196900154;196900157;196900160;196900162;196900164;196900168;196900171;196900178;196900179;196900199;196900215;196900224;196900235;196900250;196900138;196900155;196900156;196900176;196900185;196900189;196900198;196900214;196900219;196900221;196900239;196900274;196900330;196900337;196900141;196900150;196900151;196900153;196900159;196900269;196900288;196900139;196900197;196900210;196900217;196900242;196900246;196900280;196900286;196900344;196900172;196900201;196900208;196900218;196900230;196900234;196900180;196900181;196900184;196900195;196900204;196900209;196900236;196900237;196900241;196900249;196900279;196900289;196900295;196900356;196900377;196900140;196900192;196900227;196900228;196900287;196900354;196900158;196900182;196900183;196900226;196900252;196900335;196900338;196900146;196900186;196900196;196900202;196900203;196900225;196900341;196900191;196900211;196900229;196900255;196900263;196900283;196900161;196900223;196900260;196900303;196900318;196900347;196900366;196900401;196900149;196900163;196900292;196900305;196900339;196900349;196900458;1969000;196900190;196900193;196900205;196900265;196900277;196900302;196900323;196900340;196900348;196900370;196900475;196900496;19690015;196900175;196900233;196900266;196900271;196900291;196900293;196900307;196900314;196900316;196900320;196900350;196900398;196900400;196900406;196900465;196900469;196900507;196900137;196900144;196900187;196900194;196900259;196900319;196900355;196900361;196900454;1969006;19690019;19690052;196900167;196900213;196900222;196900262;196900282;196900296;196900308;196900312;196900383;196900499;196900569;1969009;19690020;19690060;196900147;196900174;196900177;196900297;196900301;196900331;196900346;196900390;196900429;196900464;196900492;196900529;196900253;196900268;196900275;196900310;196900336;196900352;196900450;196900500;196900605;196900606;1969002;19690029;19690088;196900142;196900200;196900231;196900264;196900276;196900294;196900357;196900358;196900363;196900418;196900425;196900431;196900449;196900451;196900481;196900488;196900521;196900591;196900596;196900597;1969001;19690023;19690036;19690042;196900207;196900251;196900284;196900327;196900329;196900359;196900391;196900404;196900513;196900524;196900534;196900543;196900559;196900582;196900589;196900618;19690062;196900170;196900220;196900238;196900248;196900315;196900317;196900351;196900353;196900365;196900367;196900382;196900387;196900392;196900399;196900409;196900424;196900445;196900473;196900476;196900515;196900539;196900546;196900588;196900619;19690041;19690083;196900173;196900240;196900244;196900299;196900373;196900384;196900446;196900461;196900494;196900527;196900533;196900592;196900614;19690059;19690080;196900152;196900188;196900206;196900256;196900270;196900285;196900328;196900369;196900372;196900376;196900388;196900410;196900414;196900416;196900420;196900495;196900498;196900505;196900509;196900514;196900517;196900520;196900522;196900537;196900538;196900590;196900594;196900598;196900603;196900608;196900620;196900631;19690012;19690056;19690064;196900169;196900212;196900261;196900272;196900304;196900306;196900332;196900375;196900381;196900386;196900393;196900408;196900467;196900518;196900528;196900531;196900551;196900600;196900604;196900611;196900612;19690010;19690011;19690021;19690068;19690082;19690090;196900103;196900114;196900166;196900281;196900343;196900371;196900374;196900402;196900426;196900438;196900468;196900472;196900497;196900526;196900532;196900547;196900561;196900565;196900571;196900573;196900580;1969005;19690048;19690061;19690066;19690097;19690098;19690099;196900102;196900104;196900112;196900113;196900131;196900232;196900267;196900278;196900290;196900324;196900362;196900380;196900407;196900421;196900444;196900457;196900463;196900506;196900523;196900535;196900540;196900552;196900554;196900558;196900563;196900578;196900613;196900616;196900624;196900630;196900661;1969007;19690018;19690037;19690054;19690069;19690095;196900100;196900117;196900118;196900124;196900132;196900254;196900300;196900322;196900326;196900434;196900441;196900442;196900447;196900452;196900503;196900516;196900519;196900536;196900550;196900555;196900599;196900601;196900623;196900628;196900635;196900648;196900655;196900656;196900658;196900662;196900663;196900667;196900672;1969003;1969008;19690013;19690017;19690025;19690030;19690034;19690046;19690049;19690050;19690053;19690057;19690070;19690074;19690081;19690087;19690096;196900106;196900127;196900129;196900133;196900165;196900273;196900298;196900309;196900321;196900334;196900379;196900385;196900389;196900403;196900405;196900411;196900415;196900428;196900436;196900437;196900456;196900459;196900460;196900462;196900466;196900484;196900489;196900502;196900508;196900510;196900511;196900512;196900541;196900542;196900544;196900549;196900553;196900560;196900562;196900564;196900568;196900581;196900593;196900595;196900609;196900610;196900617;196900634;196900636;196900639;196900642;196900644;196900657;196900664;196900668;196900671;196900674;196900677;19690014;19690016;19690022;19690024;19690026;19690027;19690028;19690031;19690032;19690033;19690035;19690038;19690039;19690040;19690043;19690044;19690045;19690047;19690051;19690055;19690058;19690063;19690065;19690067;19690071;19690072;19690073;19690075;19690076;19690077;19690078;19690079;19690084;19690085;19690086;19690089;19690091;19690092;19690093;19690094;196900101;196900105;196900107;196900108;196900109;196900110;196900111;196900115;196900116;196900119;196900120;196900121;196900122;196900123;196900125;196900126;196900128;196900130;196900134;196900216;196900243;196900245;196900247;196900257;196900258;196900311;196900313;196900325;196900333;196900342;196900345;196900360;196900364;196900368;196900378;196900394;196900395;196900396;196900397;196900412;196900413;196900417;196900419;196900422;196900423;196900427;196900430;196900432;196900433;196900435;196900439;196900440;196900443;196900448;196900453;196900455;196900470;196900471;196900474;196900477;196900478;196900479;196900480;196900482;196900483;196900485;196900486;196900487;196900490;196900491;196900493;196900501;196900504;196900525;196900530;196900545;196900548;196900556;196900557;196900566;196900567;196900570;196900572;196900574;196900575;196900576;196900577;196900579;196900583;196900584;196900585;196900586;196900587;196900602;196900607;196900615;196900621;196900622;196900625;196900626;196900627;196900629;196900632;196900633;196900637;196900638;196900640;196900641;196900643;196900645;196900646;196900647;196900649;196900652;196900653;196900654;196900659;196900660;196900665;196900666;196900669;196900670;196900673;196900675;196900676;196900678;196900679;196900680;196900681;196900682;196900683;196900684;196900685;196900686;196900687;196900688;196900689;196900690;196900691;196900692
Gb1;15786;18599;1916;10809;5992;3511;2098;2761;3204;3537;8446;6476;2559;2341;3698;1957;3947;1106;2670;2009;751;1177;449;3375;3143;3334;2931;2896;703;3744;1086;3469;2843;6264;2282;0;523;1525;1352;873;1473;2091;601;0;486;1559;1468;376;4013;535;1408;2285;4411;1283;1038;0;3630;2678;1134;450;1010;2111;0;375;1863;0;735;1912;1628;0;1029;885;1065;819;2103;481;0;945;407;3101;663;868;1639;636;2247;641;5473;431;0;591;0;336;1759;0;560;535;1784;2990;0;4288;397;757;1891;0;1564;338;0;468;0;4172;611;0;0;0;0;696;612;1745;1175;0;4193;1079;0;358;0;0;976;0;0;1256;475;630;714;0;0;3007;397;1358;671;0;0;467;0;1069;5469;0;0;0;0;1001;820;0;0;0;0;0;3387;553;839;0;707;909;0;0;0;0;0;0;0;0;0;0;0;0;1065;0;0;417;0;0;0;558;898;0;1289;4046;0;0;0;365;365;0;0;0;692;0;315;462;0;0;752;0;0;365;0;776;618;0;583;0;0;779;455;387;0;0;0;0;0;0;440;0;491;321;312;0;0;0;0;0;0;0;1621;0;0;0;0;0;1029;0;0;0;0;0;0;0;0;0;0;0;0;0;0;0;0;0;0;3248;0;0;0;0;0;0;0;0;0;0;0;0;0;0;753;0;0;0;296;0;0;0;0;0;0;0;0;0;303;0;368;0;0;0;0;0;0;0;0;509;0;0;0;1033;548;447;399;310;0;0;0;0;0;0;0;0;0;0;0;0;0;0;317;326;0;0;0;0;0;0;433;376;0;0;0;0;0;0;0;0;0;0;0;361;0;0;311;382;0;0;0;0;0;0;0;0;0;0;0;0;0;0;0;0;0;0;0;0;0;0;0;0;0;0;0;776;0;0;0;0;0;0;0;0;0;0;0;0;0;0;0;0;0;0;0;0;0;0;0;0;0;0;0;0;0;0;0;0;0;0;0;0;0;0;0;0;0;0;0;0;0;0;0;0;0;391;423;0;0;0;0;0;0;0;0;0;0;0;0;0;0;0;0;0;0;0;0;0;0;0;0;0;0;0;0;0;0;0;0;0;0;0;0;0;0;0;0;0;0;0;0;0;0;0;0;0;0;0;0;0;0;0;0;0;0;0;0;0;0;0;0;0;0;0;0;0;0;526;508;308;0;0;0;0;0;0;0;0;0;0;0;0;0;0;0;0;0;0;0;0;0;0;0;0;0;0;0;0;0;0;0;0;0;0;0;0;0;0;0;0;0;0;0;0;0;0;0;0;0;0;0;0;0;0;0;0;0;0;0;0;0;0;0;0;0;0;0;0;0;0;0;0;0;0;0;0;0;0;0;0;0;0;0;0;0;0;0;0;0;0;0;0;0;0;0;0;0;0;0;0;0;0;0;0;0;0;0;0;0;0;0;0;0;0;0;0;0;0;0;0;0;0;0;0;0;0;0;0;0;0;0;0;0;0;0;0;0;0;0;0;0;0;0;0;0;0;379;313;0;0;0;0;0;0;0;0;0;0;0;0;0;0;0;0;0;0;0;0;0;0;0;0;0;0;0;0;0;0;0;0;0;0;0;0;0;0;0;0;0;0;0;0;0
Gb10;2405;29915;2010;13048;5813;2655;1587;1262;3157;1447;2748;4856;6365;1784;2902;3587;2983;1008;2215;1308;3382;597;776;1255;1674;2983;2332;2622;471;3359;1118;1549;1836;2712;0;0;1158;424;740;1483;898;0;682;360;819;496;456;1596;1869;649;456;1173;2461;405;1410;479;3460;2841;1520;0;992;403;0;399;817;794;578;1739;934;394;451;608;0;1053;1096;508;0;0;1293;651;409;1290;1092;1395;3556;1923;8161;1942;330;0;1082;472;1477;0;1108;391;699;2942;1131;1514;366;342;2635;625;514;0;0;0;505;6874;695;291;0;0;332;0;901;798;752;0;3150;763;0;387;848;0;495;0;0;376;689;0;833;0;0;568;269;661;551;378;0;0;474;0;10106;0;0;0;0;899;872;0;0;0;0;0;2106;566;495;0;909;281;0;0;776;347;0;0;0;0;0;0;1480;0;1984;0;0;934;295;323;856;538;649;0;1822;6973;434;316;0;379;635;0;0;0;458;0;488;700;0;0;0;680;681;299;0;0;924;0;571;0;0;292;284;518;0;0;0;0;0;0;662;0;560;0;359;0;0;313;0;0;501;456;1287;337;0;0;0;0;0;0;415;501;0;0;0;0;546;0;0;0;0;0;383;439;0;0;0;893;780;0;0;0;0;0;0;0;0;0;0;0;0;0;409;811;0;0;369;0;0;0;0;0;0;0;0;0;0;0;689;0;0;0;0;0;0;0;0;0;0;0;0;0;856;0;320;776;0;434;0;0;0;0;287;0;0;0;0;0;0;0;0;477;0;0;0;0;0;0;0;0;0;0;0;0;0;0;0;0;0;0;0;0;0;0;0;0;0;0;0;0;0;0;0;0;0;0;0;0;0;0;0;0;0;0;0;0;0;0;0;0;0;0;0;0;0;0;0;0;0;0;0;0;0;0;0;0;0;0;0;0;0;0;357;0;0;423;0;0;0;0;0;0;0;0;0;0;0;0;0;0;0;0;487;0;0;0;0;0;0;0;0;0;0;0;0;0;0;0;0;0;0;0;0;0;0;0;0;0;0;0;0;0;0;0;0;0;0;0;0;0;0;0;0;0;0;0;0;0;0;0;0;0;0;0;0;0;0;0;0;0;0;0;0;0;0;0;0;0;0;0;0;0;0;0;0;0;0;0;0;0;0;0;0;0;0;0;0;0;0;0;0;0;358;318;0;0;0;0;0;0;0;0;0;0;0;0;0;0;0;0;0;0;0;0;0;0;0;0;0;0;0;0;0;0;0;0;0;0;0;0;0;0;0;0;0;0;0;0;0;0;0;0;0;0;0;0;0;0;0;0;0;0;0;0;0;0;0;0;0;0;0;0;0;0;0;0;0;0;0;0;0;0;0;0;0;0;0;0;0;0;0;0;0;0;0;0;0;0;0;0;0;0;0;0;0;0;0;0;0;0;0;0;0;0;0;0;0;0;0;0;0;0;0;0;0;0;0;0;0;0;0;0;0;0;0;0;0;0;0;0;0;0;0;0;0;0;0;0;0;0;0;0;0;0;0;0;0;0;0;0;0;0;0;0;0;0;382;0;0;0;0;0;0;0;0;0;0;0;0;0;0;0;0;0;0;0;0;0;0;0;0
Gb11;5949;17205;5605;7027;1007;4792;1259;2880;3296;334;6860;9275;1897;1421;2054;4803;675;358;1385;1099;10699;861;3628;732;746;967;1967;2463;645;374;1831;1057;2228;8080;4394;1390;1815;1688;826;1613;1312;360;505;806;636;10082;1575;1821;1809;592;2201;1761;2523;1054;1141;0;1338;1582;270;0;699;0;8961;0;1642;962;740;1040;1903;715;1238;902;0;475;983;1019;514;495;0;0;450;475;0;795;0;3145;0;2876;326;0;877;0;0;0;774;0;0;0;515;1214;501;922;0;865;0;444;352;312;338;13948;261;0;0;0;0;0;0;0;0;567;929;1034;465;827;1293;0;286;0;1485;0;532;0;0;1287;555;0;0;362;311;0;260;951;1198;0;0;550;0;0;353;713;485;1274;0;0;0;0;0;0;0;0;583;1315;332;623;1290;386;0;0;0;0;0;0;0;706;0;0;0;693;304;0;644;0;309;0;0;368;599;497;0;545;1091;0;0;0;0;0;0;0;0;0;0;0;0;0;819;1757;518;0;329;432;0;598;1124;365;0;0;0;0;0;0;0;0;0;2283;0;422;0;620;0;527;0;0;0;502;0;0;0;0;0;0;0;355;0;0;977;0;0;0;0;968;0;408;0;0;0;814;623;0;391;0;0;0;0;0;0;1167;328;0;0;403;0;954;0;0;0;0;0;0;0;406;0;0;0;0;0;0;0;0;650;0;669;0;0;364;0;0;725;0;451;793;322;0;0;0;432;0;438;0;0;0;0;0;0;0;394;0;0;285;0;280;0;0;0;0;1148;633;0;0;0;0;0;310;0;0;0;0;0;0;0;0;0;0;0;0;0;0;0;609;0;0;0;0;787;0;0;0;0;0;543;0;0;0;0;0;0;0;0;0;0;0;0;0;0;0;0;0;0;0;0;0;0;0;0;0;0;0;0;313;0;0;0;401;0;0;0;0;339;0;0;0;0;0;0;0;0;0;0;0;0;0;0;0;482;294;260;0;3432;0;0;0;0;0;0;0;0;0;0;489;428;567;514;407;269;362;0;0;0;0;0;0;0;0;0;0;0;0;0;0;0;0;0;0;0;0;0;0;0;0;0;0;0;0;0;0;0;0;0;0;679;0;0;0;0;0;0;0;456;0;0;0;0;0;0;0;0;0;0;0;0;0;0;0;0;0;0;0;0;0;0;0;0;0;0;0;0;430;287;0;0;0;0;0;0;0;0;0;0;0;0;0;0;0;0;0;0;0;0;0;0;0;0;0;0;0;0;0;0;0;0;0;0;0;0;0;0;0;0;0;0;0;0;0;0;0;0;0;0;0;0;0;0;0;0;0;0;0;0;0;0;0;0;0;0;0;0;0;0;0;0;0;0;0;0;0;0;0;0;0;0;0;0;0;0;0;0;0;0;0;0;0;0;0;0;0;0;0;0;0;0;0;0;0;0;0;0;0;0;0;0;0;0;0;0;0;0;0;0;0;0;0;0;0;0;0;0;0;0;0;0;0;0;0;0;0;0;0;0;0;0;0;0;0;0;0;0;0;0;0;0;0;0;0;0;0;0;0;0;446;337;276;273;0;0;0;0;0;0;0;0;0;0;0;0;0;0;0;0;0;0;0;0
Gb12;2942;14910;477;11855;4443;3982;571;1279;984;290;6050;2755;372;3151;1807;3628;226;530;870;532;7483;540;3190;816;1133;910;0;1129;767;951;209;1377;1247;9293;3618;4916;0;748;451;6012;1362;384;337;450;969;6331;650;1647;899;319;703;845;957;434;605;335;724;414;599;297;685;0;7844;493;872;911;513;512;654;718;936;501;0;807;0;388;577;384;0;0;356;210;683;858;0;477;492;331;0;0;1358;0;0;359;680;0;0;0;241;0;0;387;290;988;0;0;0;371;907;3809;0;923;0;0;0;0;0;246;627;660;1120;613;864;511;1488;0;0;0;0;641;449;323;0;872;614;0;0;0;275;259;311;0;637;0;0;447;0;0;246;640;278;0;0;0;0;0;0;0;0;0;0;862;0;692;775;439;0;0;0;0;0;0;711;0;0;0;0;298;346;322;0;0;0;0;0;0;484;265;0;607;1064;0;0;0;0;0;0;0;0;0;0;2203;0;0;481;0;534;0;0;222;517;402;679;0;0;0;0;0;0;0;0;0;0;0;0;464;334;263;0;284;217;274;0;0;0;0;0;0;0;0;0;387;295;306;444;0;304;229;0;293;0;883;0;0;782;636;464;0;424;0;0;0;0;0;0;0;201;0;0;0;373;0;0;364;0;0;0;0;0;0;0;0;0;0;0;0;211;0;0;0;0;409;0;0;603;0;247;0;219;303;0;0;0;476;331;0;438;0;0;0;0;0;0;0;0;0;0;447;0;0;268;0;0;0;1803;624;344;242;0;0;0;0;0;0;0;0;0;0;0;0;0;0;0;0;0;0;0;265;0;0;0;630;1521;501;0;700;205;414;322;0;0;0;0;0;0;0;0;0;0;0;0;0;0;0;0;0;0;0;0;204;274;0;0;0;0;441;0;0;429;226;298;0;0;0;199;0;308;0;0;0;0;0;0;0;0;0;0;0;0;0;0;0;0;0;0;0;0;0;0;0;0;0;0;269;0;0;0;292;0;254;307;405;257;0;568;293;0;0;0;0;0;0;0;0;0;0;0;0;0;0;0;0;0;0;0;0;0;0;0;0;0;0;0;0;0;0;0;0;0;0;0;0;0;0;0;0;0;0;0;0;0;0;0;505;0;0;235;0;0;0;0;0;0;0;0;0;0;0;0;0;0;258;0;0;197;0;237;333;643;241;0;0;0;0;0;0;0;0;0;0;0;0;0;0;0;0;0;0;0;0;0;0;0;0;0;0;0;0;0;0;0;0;0;0;0;0;0;0;0;0;0;0;0;0;0;0;0;0;0;0;0;0;0;0;0;0;0;0;0;0;0;0;0;0;0;0;0;0;0;0;0;0;0;0;0;0;0;0;0;0;0;0;0;0;0;0;0;0;0;0;0;0;0;0;0;0;0;0;0;0;0;0;0;0;0;0;0;0;0;0;0;0;0;0;0;0;0;0;0;0;0;0;0;0;0;0;0;0;0;0;0;0;0;0;0;0;0;0;0;0;0;0;0;0;0;0;0;0;0;0;0;0;0;0;0;0;0;0;0;0;0;324;311;275;235;213;0;0;0;0;0;0;0;0;0;0;0;0;0;0;0
Gb13;1739;15612;2153;9748;737;6926;1458;2033;11002;1637;8040;9695;774;3205;3037;4032;915;1739;1610;761;33736;659;3315;1072;2086;802;2748;2084;908;1389;1363;3003;1525;18134;6743;1966;1021;3415;1952;4828;1700;1600;0;618;1532;6332;2371;1848;2041;479;2665;1911;3208;749;441;1137;614;649;1020;576;1569;1064;8557;461;1940;770;762;769;1715;638;2409;2392;0;746;746;412;2094;760;0;0;0;0;0;646;0;642;0;1005;970;0;863;0;0;0;351;494;0;0;0;0;382;704;1090;1212;407;507;717;439;1060;7164;0;1035;0;0;0;0;0;1048;591;1378;1770;655;479;485;2384;0;0;0;993;499;518;556;0;1698;886;0;0;373;529;733;2953;539;995;0;0;1965;0;0;682;687;0;2715;0;0;0;470;0;0;0;0;0;1276;560;1442;1150;779;0;0;0;0;0;0;796;771;0;0;736;446;395;0;1043;0;0;0;0;0;854;0;416;370;1118;0;0;0;0;0;0;0;0;0;0;0;0;0;547;0;0;0;0;0;440;465;814;0;0;0;0;0;0;1161;0;563;0;419;0;0;432;0;0;333;0;726;0;649;0;0;0;0;0;0;0;0;783;0;668;715;498;525;0;856;0;743;0;0;0;1389;499;0;0;0;0;0;0;0;0;0;331;0;0;429;1039;1529;0;0;0;0;0;0;0;0;0;0;0;0;0;0;0;381;0;0;0;0;0;0;1172;0;0;0;0;693;717;0;0;0;0;0;674;0;0;0;0;661;0;0;532;0;0;0;0;0;0;0;518;0;2000;849;442;395;0;0;1242;0;0;0;0;0;0;0;0;0;0;0;0;0;0;0;0;0;0;0;0;0;2293;635;398;586;0;550;1326;0;0;0;0;2280;0;0;0;0;0;0;0;0;0;0;0;0;0;0;0;0;0;0;0;355;0;0;0;0;0;600;1009;469;0;0;0;0;373;0;0;0;0;0;0;0;0;0;0;0;0;0;0;0;0;0;0;0;0;0;0;0;527;599;0;0;0;0;0;0;0;0;0;433;333;553;534;1030;0;0;0;0;0;0;0;0;0;0;0;0;0;0;0;0;0;0;0;0;0;0;0;0;0;0;0;0;0;0;0;0;0;0;0;0;0;0;0;0;0;0;0;0;0;0;0;0;0;0;0;0;0;0;0;0;652;367;0;0;0;0;0;0;0;0;0;0;0;376;0;443;0;381;493;0;0;0;0;0;0;0;0;0;0;0;0;0;0;0;0;0;0;0;0;0;0;0;0;0;0;0;0;0;0;0;0;0;0;0;0;0;0;0;0;0;0;0;0;0;0;0;0;0;0;0;0;0;0;0;0;0;0;0;0;0;0;0;0;0;0;0;0;0;0;0;0;0;0;0;0;0;0;0;0;0;0;0;0;0;0;0;0;0;0;0;0;0;0;0;0;0;0;0;0;0;0;0;0;0;0;0;0;0;0;0;0;0;0;0;0;0;0;0;0;0;0;0;0;0;0;0;0;0;0;0;0;0;0;0;0;0;0;0;0;0;0;0;0;0;0;0;0;0;0;0;0;0;0;0;0;0;0;0;0;0;0;0;0;0;486;460;394;395;368;363;351;332;0;0;0;0;0;0;0
Gb14;3226;30180;2259;17084;3597;10357;568;2618;1842;1794;11149;2465;2700;2708;1551;4971;659;787;1692;1466;25766;420;4540;0;815;1716;3721;3435;594;3055;1343;2052;2419;19592;4293;839;594;1985;386;6496;1950;0;431;405;1278;11017;2755;2396;2323;632;1968;1656;533;957;772;0;0;1295;760;0;721;0;11975;550;2301;751;779;754;1539;691;699;0;0;1145;0;945;846;0;0;0;0;363;0;1677;0;0;0;0;0;0;1643;0;0;435;408;0;0;0;1669;763;0;695;969;1290;0;0;0;0;886;8018;0;1062;0;0;0;0;0;386;560;1381;2160;458;1181;652;2725;0;0;0;0;748;451;0;0;1955;839;0;0;0;0;0;894;0;1489;0;0;1879;0;0;1001;842;407;5009;0;0;0;0;0;0;0;0;0;1453;516;1173;1413;615;0;0;0;0;0;0;1012;0;0;0;0;376;534;636;1572;0;0;393;0;0;403;0;0;536;955;0;0;0;0;0;0;0;0;0;455;0;0;0;755;1183;838;0;0;380;672;591;1016;0;0;0;0;0;0;0;0;0;0;0;0;513;476;615;0;686;0;521;0;0;0;0;0;0;0;0;0;597;938;767;367;0;496;541;0;927;0;1246;0;0;649;3013;761;0;0;0;0;0;0;0;0;0;0;0;0;0;568;0;0;0;0;0;0;0;0;0;0;0;0;1754;0;0;393;399;0;0;0;1186;0;0;0;0;457;0;511;577;1079;0;0;0;0;0;694;0;0;0;0;0;0;0;0;0;0;596;823;0;0;0;0;0;0;1597;848;0;0;0;0;0;0;0;0;0;0;0;0;0;0;0;0;0;0;0;491;0;0;0;0;1160;6200;874;0;1231;0;1300;1648;0;0;0;0;3883;0;0;0;0;0;0;0;0;0;0;0;0;0;0;0;491;0;0;0;0;0;411;808;0;435;568;947;596;0;0;0;0;555;0;0;0;0;0;0;0;0;0;0;0;0;0;0;0;0;0;911;0;0;0;0;0;0;0;0;528;0;0;0;0;514;397;565;0;0;438;777;5041;0;0;0;0;0;0;0;0;0;0;0;0;0;0;0;0;0;0;0;0;0;0;0;0;0;0;0;0;0;0;0;0;0;448;0;0;0;0;0;0;0;0;0;0;0;0;0;0;0;0;0;0;0;0;0;0;0;0;0;0;0;0;0;0;0;0;0;0;0;0;0;0;836;0;419;0;0;0;0;0;0;0;0;0;0;0;0;0;0;0;0;0;0;0;0;0;0;0;0;0;0;0;0;0;0;0;0;0;0;0;0;0;0;0;0;0;0;0;0;0;0;0;0;0;0;0;0;0;0;0;0;0;0;0;0;0;0;0;0;0;0;0;0;0;0;0;0;0;0;0;0;0;0;0;0;0;0;0;0;0;0;0;0;0;0;0;0;0;0;0;0;0;0;0;0;0;0;0;0;0;0;0;0;0;0;0;0;0;0;0;0;0;0;0;0;0;0;0;0;0;0;0;0;0;0;0;0;0;0;0;0;0;0;0;0;0;0;0;0;0;0;0;0;0;0;0;0;0;0;0;0;0;0;0;0;0;0;0;0;0;0;0;0;0;0;0;0;0;2184;1742;1281;879;816;502;461
Gb2;6708;13166;7512;5954;1372;1486;869;1230;2577;2387;2138;3762;1480;1537;3166;2212;921;804;1712;1023;1113;3463;1158;1124;2937;1115;1995;2268;636;1551;1197;1552;1534;5222;2219;1331;2352;3525;1864;1317;957;3869;478;736;614;643;566;894;1772;370;1321;1496;4373;850;613;781;2216;1672;494;1233;1396;688;0;763;699;772;485;1195;1042;334;601;1177;1048;927;1792;318;847;580;636;1846;678;444;601;480;3298;2585;3375;1316;733;373;353;821;1540;0;817;531;970;1418;268;925;535;869;1003;354;694;0;615;0;370;2147;455;0;0;660;334;712;461;1288;976;0;1559;340;0;370;0;0;549;392;1285;511;517;636;658;0;0;781;329;842;486;0;0;411;397;0;6572;430;584;0;0;742;517;0;0;0;0;688;1197;454;375;0;648;434;0;519;611;269;0;0;0;1168;458;478;549;0;1275;0;0;276;267;0;339;289;568;0;843;2279;0;0;441;321;339;0;0;0;1339;0;534;465;283;0;717;438;322;259;0;321;0;0;420;0;0;361;293;647;0;0;0;0;891;536;349;301;534;1206;246;519;0;0;266;332;287;521;1442;243;0;365;0;265;787;349;0;0;307;0;0;375;290;282;0;0;0;0;0;0;0;0;0;1561;243;0;0;0;0;0;280;0;0;278;0;0;0;0;347;284;0;0;240;0;597;302;0;0;0;0;0;0;0;0;0;0;0;0;0;0;0;0;0;0;0;0;0;916;433;323;0;258;0;0;0;0;0;0;0;0;0;0;0;0;0;0;243;0;288;0;0;0;0;284;491;295;324;312;0;0;0;0;0;0;0;0;346;0;0;0;0;270;0;0;0;0;0;0;0;0;0;0;0;0;0;0;0;0;0;0;0;0;0;0;0;0;0;318;0;0;0;0;0;0;0;0;0;0;0;0;0;0;0;0;0;0;0;0;327;246;0;0;0;0;0;0;0;0;0;0;0;0;0;0;451;286;330;0;0;0;0;0;0;0;0;0;0;0;0;0;0;0;0;0;0;0;0;0;0;0;0;0;0;0;0;0;0;0;0;0;0;0;0;0;0;0;0;0;0;0;0;0;0;0;0;0;0;0;0;0;0;0;0;0;0;0;0;0;0;0;0;0;0;0;0;0;0;237;0;0;0;0;0;0;0;0;0;0;0;0;0;442;0;0;330;256;0;0;0;0;0;0;0;0;0;0;0;0;0;0;0;0;0;0;0;0;0;0;0;0;0;0;0;0;0;0;0;0;0;0;0;0;0;0;0;0;0;0;0;0;0;0;0;0;0;0;0;0;0;0;0;0;0;0;0;0;0;0;0;0;0;0;0;0;0;0;0;0;0;0;0;0;0;0;0;0;0;0;0;0;0;0;0;0;0;0;0;0;0;0;0;0;0;0;0;0;0;0;0;0;0;0;0;0;0;0;0;0;0;0;0;0;0;0;0;0;0;0;0;0;0;0;0;0;0;0;0;0;0;0;0;0;0;0;0;0;0;0;0;0;0;0;260;0;0;0;0;0;0;0;0;0;0;0;0;0;0;0;0;0;0;0;0;0;0;0;0;0;0;0;0;0;0;0;0;0;0;0;0;0;0;0;0;0;0;0;0
Gb3;13715;38114;13091;10310;1865;3686;972;1654;5274;887;4767;8594;3554;2714;7411;2223;4263;1385;4349;4062;0;1224;3367;2889;3389;1122;3269;6011;1019;3705;1664;3461;3299;2329;5603;726;4084;817;1088;2412;1637;625;1236;0;0;0;1745;562;3134;633;2331;2780;5419;536;983;547;7665;1146;0;0;3720;1989;0;0;2944;0;754;3677;2984;524;0;3429;863;0;1154;0;0;1005;0;851;0;896;1284;709;5011;106242;16295;3474;0;637;535;0;3292;0;0;629;1033;6951;904;9229;530;0;2705;0;547;0;0;0;596;567;999;0;0;0;0;0;0;1754;567;0;7820;910;0;0;0;0;0;0;0;0;921;850;1625;0;0;2544;466;1411;794;0;0;0;0;742;9719;0;0;0;0;851;0;0;0;0;0;0;3270;0;725;0;0;648;0;0;0;0;0;0;0;0;0;0;0;0;2324;0;0;781;0;0;676;707;1037;0;4206;9843;0;0;547;0;638;0;0;0;1552;0;630;1284;0;0;1486;704;0;0;0;0;0;0;785;0;0;1064;756;876;0;0;0;0;0;0;709;0;0;1010;590;0;0;0;0;0;500;0;3031;534;0;0;0;0;0;492;0;0;0;0;0;0;0;0;0;0;0;0;0;0;0;0;0;759;0;0;0;0;0;0;0;0;0;0;0;0;0;0;879;0;0;0;893;857;0;0;0;0;0;0;0;0;0;0;0;0;0;0;0;0;0;0;0;0;0;0;0;660;1124;0;0;940;1016;0;0;0;0;0;0;0;0;0;1612;0;0;0;0;0;657;0;0;0;0;0;0;0;0;0;0;0;0;0;0;0;0;0;619;0;0;0;685;0;0;0;0;0;0;0;0;0;0;0;0;0;0;0;0;0;0;0;0;0;0;0;0;0;0;0;0;0;0;0;0;0;0;0;0;0;0;0;0;0;0;0;0;0;0;0;0;0;609;0;0;0;0;0;0;0;0;0;0;0;0;0;0;0;0;0;0;0;0;0;0;0;0;0;0;0;0;0;0;755;0;0;0;0;0;0;0;0;0;0;0;0;0;0;0;0;0;0;0;0;0;0;0;0;0;0;0;0;0;0;0;0;0;0;0;0;0;0;0;0;0;0;0;0;0;0;0;0;0;0;0;0;0;0;0;0;0;0;0;0;0;0;0;0;0;0;0;0;0;0;0;0;0;0;0;0;0;0;0;0;0;0;0;0;0;0;0;0;0;0;0;0;0;0;0;0;0;0;0;0;0;0;0;0;0;0;0;0;0;0;0;0;0;0;0;0;0;0;0;0;0;0;0;0;0;0;0;0;0;0;0;0;0;0;0;0;0;0;0;0;0;0;0;0;0;0;0;0;0;0;0;0;0;0;0;0;0;0;0;0;0;0;0;0;0;0;0;0;0;0;0;0;0;0;0;0;0;0;0;0;0;0;0;0;0;0;0;0;0;0;0;0;0;0;0;0;0;0;0;0;0;0;0;0;0;0;0;0;0;0;0;0;0;0;0;0;0;0;0;0;0;842;743;726;603;528;0;0;0;0;0;0;0;0;0;0;0;0;0;0;0;0;0;0;0;0;0;0;0;0;0;0;0;0;0;0;0;0;0;0;0;0;0;0;0
Gb4;5232;46683;1068;10316;2147;2490;705;2215;7768;617;4637;1815;8262;1441;9177;2891;2592;3210;1750;1074;14663;0;833;3404;9835;3179;2893;1716;1453;4585;1576;987;1191;3814;0;3513;1093;0;0;8666;984;0;1094;0;1321;0;786;1129;2056;367;0;1786;4720;406;2273;458;1855;874;1465;0;0;486;2827;0;0;0;807;1656;459;1120;531;0;0;1231;1223;602;0;0;1115;0;0;2219;1744;2567;46712;1946;4099;2037;0;0;787;0;0;670;859;552;1253;5528;3436;1223;452;0;1300;860;0;0;0;561;1330;0;390;376;0;0;0;0;1094;808;0;0;2558;0;0;920;1472;0;0;0;0;0;2865;787;718;897;0;912;884;857;1624;767;0;512;431;0;16601;0;0;0;0;857;758;0;0;0;0;0;3224;0;412;0;1219;0;0;417;0;532;0;0;0;0;0;0;2031;0;865;0;0;695;0;0;522;0;0;0;755;2494;1009;422;0;0;0;0;0;0;0;0;0;1104;0;0;0;948;550;0;0;0;1044;0;1134;0;1092;0;0;426;0;0;0;0;0;0;958;0;843;0;0;0;0;956;0;671;0;0;977;1325;0;0;0;0;482;0;1164;879;0;0;0;0;0;0;0;0;0;0;794;543;0;606;0;2491;0;0;0;0;0;0;0;0;0;453;0;0;0;0;468;509;0;0;0;566;0;0;0;0;0;0;0;0;0;0;636;0;0;0;0;0;0;0;0;0;0;0;0;376;0;0;0;0;0;496;0;0;0;0;0;0;0;0;0;0;0;0;524;560;0;0;0;0;0;0;723;0;1029;0;0;0;0;0;0;0;0;0;0;0;0;0;0;0;0;0;0;0;0;0;0;0;0;0;0;0;0;0;0;0;0;0;0;0;0;0;0;0;0;0;0;0;0;0;749;0;0;0;749;0;0;0;0;0;0;0;0;0;0;0;0;0;0;514;0;0;0;0;0;0;0;0;0;0;0;0;0;0;0;0;0;0;0;0;0;0;0;0;0;0;0;0;513;0;1229;0;0;0;0;0;0;0;0;0;0;0;0;0;0;0;0;0;0;0;0;0;0;0;0;0;0;0;0;0;0;0;0;0;0;0;0;0;0;0;0;0;0;0;0;0;0;0;0;0;0;0;0;0;0;0;0;0;0;0;0;0;0;0;0;0;0;0;0;0;728;0;0;0;0;0;0;0;0;0;0;0;0;0;0;0;0;0;0;0;0;0;0;0;0;0;0;0;0;0;0;0;0;0;0;0;0;0;0;0;0;0;0;0;0;0;0;0;0;0;0;0;0;0;0;0;0;0;0;0;0;0;0;0;0;0;0;0;0;0;0;0;0;0;0;0;0;0;0;0;0;0;0;0;0;0;0;0;0;0;0;0;0;0;0;0;0;0;0;0;0;0;0;0;0;0;0;0;0;0;0;0;0;0;0;0;0;0;0;0;0;0;0;0;0;0;0;0;0;0;0;0;0;0;0;0;0;0;0;0;0;0;0;0;0;0;0;0;0;0;0;0;0;0;0;0;594;377;374;0;0;0;0;0;0;0;0;0;0;0;0;0;0;0;0;0;0;0;0;0;0;0;0;0;0;0;0;0;0;0;0;0;0;0;0
Gb5;2748;10335;336;3164;1292;1613;463;548;750;1469;2765;2127;1686;1228;1792;2691;589;690;1047;560;5133;378;1146;1031;2341;1245;1415;1184;271;1549;690;636;1253;4974;869;530;0;603;535;769;827;589;234;173;550;899;344;1077;1233;199;230;911;2020;406;798;271;1307;1113;0;340;725;395;1920;481;338;301;397;944;567;381;843;342;431;406;1056;316;208;236;0;918;0;480;663;834;3155;1281;3890;292;214;183;618;210;643;153;374;234;743;895;566;651;269;378;544;544;607;0;0;231;414;936;289;308;0;0;0;255;315;789;693;247;1238;378;1038;547;999;0;0;0;0;634;0;605;385;314;0;440;202;707;434;391;0;0;167;0;2831;0;155;0;0;684;529;0;0;0;0;0;810;0;206;0;468;240;0;397;483;232;0;0;0;0;0;0;1081;0;351;0;0;343;151;338;382;201;397;0;513;1136;0;324;232;318;383;0;0;0;333;0;0;0;0;0;506;1356;339;217;194;0;461;0;424;450;269;158;0;342;0;0;0;0;0;0;0;236;185;1516;158;260;213;289;180;238;305;348;715;168;0;0;0;0;409;187;154;447;219;0;0;0;0;237;0;0;0;0;0;0;425;319;343;0;251;0;0;0;0;0;0;0;0;205;0;0;0;0;265;242;0;0;0;0;0;0;0;0;0;0;0;0;194;0;191;0;0;0;0;0;0;0;0;342;0;0;246;0;241;240;0;0;260;281;0;0;0;0;0;0;0;0;0;0;0;207;0;379;215;0;0;0;0;210;0;278;0;212;0;0;0;0;0;0;0;0;0;0;0;0;0;0;0;0;0;0;0;0;0;0;0;0;192;180;0;0;0;0;0;0;0;0;0;0;0;0;0;190;0;0;0;0;0;0;0;0;207;0;0;0;0;0;0;0;0;0;0;0;191;315;0;0;0;0;0;0;0;0;0;0;0;0;0;0;0;0;0;0;0;162;0;0;0;0;0;0;0;0;0;0;0;262;283;310;0;0;0;0;0;0;0;0;0;0;0;0;0;0;0;0;0;0;0;0;0;0;0;0;0;0;0;0;0;0;0;0;0;0;0;0;0;0;0;0;0;0;0;0;0;0;0;0;0;0;0;0;0;0;0;0;0;0;0;0;0;0;0;0;0;0;169;0;0;192;310;725;512;290;234;192;160;0;0;0;0;0;0;0;0;0;0;0;0;0;0;0;0;0;0;0;0;0;0;0;0;0;0;0;0;0;0;0;0;0;0;0;0;0;0;0;0;0;0;0;0;0;0;0;0;0;0;0;0;0;0;0;0;0;0;0;0;0;0;0;0;0;0;0;0;0;0;0;0;0;0;0;0;0;0;0;0;0;0;0;0;0;0;0;0;0;0;0;0;0;0;0;0;0;0;0;0;0;0;0;0;0;0;0;0;0;0;0;0;0;0;0;0;0;0;0;0;0;0;0;0;0;0;0;0;0;0;0;0;0;0;0;0;0;0;0;0;0;0;0;0;0;0;0;0;0;0;277;270;210;338;171;202;168;0;0;0;0;0;0;0;0;0;0;0;0;0;0;0;0;0;0;0;0;0;0;0;0;0;0;0;0;0
Gb6;1765;12814;1785;4450;3099;1443;614;501;2976;993;1701;2457;2829;1405;2783;1046;1602;482;1019;919;7434;1394;0;1387;2776;360;480;1273;281;1190;671;805;732;1611;632;459;1441;1165;578;3381;721;1008;0;236;443;1002;422;444;1126;255;222;710;2210;426;445;203;1754;395;267;644;630;802;0;316;461;458;225;1166;413;513;176;482;580;0;1439;299;0;0;489;449;437;311;1545;544;11761;4021;4289;877;495;551;307;347;1070;0;339;238;968;1488;491;2775;226;480;505;221;231;0;0;0;0;0;474;0;0;303;0;0;743;1578;347;367;1242;339;0;0;0;0;331;394;0;614;1687;556;396;0;0;1127;239;408;191;0;0;0;0;0;10086;0;192;0;0;268;192;0;0;0;0;0;459;427;320;0;289;217;0;0;0;319;0;0;0;0;0;0;0;0;410;0;178;0;0;212;0;421;194;246;949;6906;0;0;411;182;0;0;0;0;222;0;451;1124;0;0;821;0;175;236;0;546;207;0;206;0;541;0;0;410;0;0;0;0;0;0;277;0;0;0;183;212;0;0;224;0;0;0;553;473;0;0;0;0;0;0;193;0;0;0;0;0;0;0;0;0;215;0;0;616;0;0;0;392;373;0;0;0;0;0;0;0;0;222;0;0;0;0;0;0;0;0;206;228;0;0;0;0;0;0;0;211;0;0;0;0;0;0;0;0;0;0;0;0;0;0;0;345;0;0;0;326;0;198;0;0;0;0;0;0;0;0;0;0;0;0;0;0;221;0;0;0;0;0;724;325;705;189;0;0;0;0;0;0;0;0;429;0;0;0;0;0;0;0;0;0;0;0;0;0;170;0;0;0;0;0;0;0;0;0;0;0;0;0;0;0;0;0;0;173;0;0;0;0;0;0;0;0;0;0;0;0;0;0;0;0;0;0;0;0;0;198;0;0;0;0;0;0;0;0;0;0;0;0;0;0;0;196;0;0;0;0;0;0;0;0;0;0;0;0;0;0;0;0;220;0;0;0;0;0;0;0;0;0;0;0;0;0;0;0;0;0;0;0;0;0;0;0;0;0;0;0;0;0;0;0;0;0;0;0;0;0;0;0;0;0;0;0;0;0;0;0;0;0;0;0;0;0;0;0;0;0;0;0;0;0;0;0;0;0;0;0;0;0;0;0;0;0;0;0;0;0;0;0;0;0;0;0;0;0;0;0;0;0;0;0;0;0;0;0;0;0;0;0;0;0;0;0;0;0;0;0;0;0;0;0;0;0;0;0;0;0;0;0;0;0;0;0;0;0;0;0;0;0;0;0;0;0;0;0;0;0;0;0;0;0;0;0;0;0;0;0;0;0;0;0;0;0;0;0;0;0;0;0;0;0;0;0;0;0;0;0;0;0;0;0;0;0;0;0;0;0;0;0;0;0;0;0;0;0;0;0;0;0;0;0;0;0;0;0;0;0;0;0;0;0;0;0;0;0;0;0;0;0;0;0;0;0;0;0;0;0;0;0;0;0;0;0;0;0;0;0;0;0;0;0;0;0;205;0;0;0;0;0;0;0;0;0;0;0;0;0;0;0;0;0;0;0;0;0;0;0;0;0;0;0;0
Gb7;5351;22359;1441;9213;4164;2348;1199;3899;2460;2577;3868;3871;11477;1881;4125;2956;4473;777;2726;1014;1090;457;1254;2021;4463;3050;2161;1803;901;2447;1232;2748;1887;5235;1460;916;550;1399;1134;1701;1517;1237;425;400;1673;3291;596;911;2996;515;451;871;6714;1103;1016;938;3315;656;756;951;599;738;3587;521;675;727;791;1771;882;790;701;0;933;957;865;587;491;338;385;904;0;842;1151;1141;758;311;5997;1665;568;0;1880;0;1490;0;1143;791;1496;2193;884;688;448;1309;731;488;1077;0;0;457;668;5539;910;0;0;0;623;315;856;1717;1346;0;2071;909;0;548;1453;0;692;0;316;1027;770;894;998;0;0;1099;600;1071;1038;0;0;0;0;803;8795;0;735;0;0;696;686;0;0;0;0;0;1009;0;554;0;913;912;0;943;739;611;0;0;0;0;0;0;922;0;678;0;0;456;351;556;0;359;581;0;728;9452;377;563;482;474;692;0;0;0;0;0;762;1106;405;0;939;0;476;306;0;457;487;0;541;0;514;641;445;798;0;0;0;0;0;0;663;380;662;1427;385;445;0;0;422;0;486;499;1288;438;0;0;0;0;0;0;293;406;522;407;0;0;0;665;0;0;330;0;0;0;0;0;0;1091;657;0;0;0;0;0;0;0;0;601;0;0;0;0;343;420;0;0;0;0;0;0;0;0;0;0;0;0;0;0;539;0;0;0;0;0;0;0;0;345;0;0;0;694;357;446;629;400;0;454;0;0;0;0;0;0;0;583;0;0;0;0;517;0;0;0;0;0;0;329;401;349;686;305;0;0;0;0;0;0;0;0;0;0;0;0;0;0;0;0;0;0;0;0;0;0;285;0;425;0;0;0;0;0;0;0;0;0;0;0;0;0;0;0;0;0;0;0;0;0;0;0;0;0;0;0;0;0;0;0;0;0;0;0;690;519;0;0;0;0;0;0;0;0;0;0;0;0;0;0;0;0;0;0;0;0;0;0;0;0;0;0;0;0;0;0;0;299;543;0;0;0;0;0;0;0;0;0;0;0;0;0;0;0;0;0;0;0;0;0;0;0;0;0;0;0;0;0;0;0;0;0;0;0;0;0;0;0;0;0;0;0;0;0;0;0;0;0;0;0;0;0;0;0;0;0;0;0;0;0;0;0;0;0;0;0;0;0;0;0;0;0;1289;0;0;0;0;0;0;0;0;0;0;0;0;0;0;0;0;0;0;0;0;0;0;0;0;0;0;0;0;0;0;0;0;0;0;0;0;0;0;0;0;0;0;0;0;0;0;0;0;0;0;0;0;0;0;0;0;0;0;0;0;0;0;0;0;0;0;0;0;0;0;0;0;0;0;0;0;0;0;0;0;0;0;0;0;0;0;0;0;0;0;0;0;0;0;0;0;0;0;0;0;0;0;0;0;0;0;0;0;0;0;0;0;0;0;0;0;0;0;0;0;0;0;0;0;0;0;0;0;0;0;0;0;0;0;0;0;0;0;0;0;0;0;0;0;0;0;0;0;0;0;0;0;0;0;0;0;0;0;0;0;0;0;415;0;0;0;0;0;0;0;0;0;0;0;0;0;0;0;0;0;0;0;0;0;0;0;0;0;0;0
Gb8;14473;17799;7016;15487;3319;3632;1236;2064;2253;3822;5025;7307;7611;2871;4925;2587;1224;1104;1693;1380;5275;1715;2910;1799;4392;1391;3237;2716;887;1877;1218;1649;1746;6115;3999;2171;1833;3350;2475;3089;878;4437;489;526;1031;1778;1512;1288;2130;565;1373;1733;6898;1258;888;894;3511;2789;1327;889;1882;1428;2123;1024;1104;1287;695;1266;1338;485;1042;962;765;1282;2302;777;1855;757;393;2959;512;519;989;707;4189;7126;5794;2042;1099;640;911;1004;1712;0;1086;581;1001;1335;0;1792;486;749;494;540;730;0;407;0;526;2609;342;988;0;485;0;904;603;1196;1078;864;2414;660;624;469;1896;0;987;0;1258;1189;884;531;1000;1069;0;2672;435;841;679;821;612;1200;403;398;10610;641;384;0;0;872;549;0;0;0;0;0;1537;830;514;0;777;943;0;584;1216;695;0;0;0;0;0;0;814;0;925;0;0;430;0;0;423;397;2298;0;1061;2281;0;0;0;540;413;0;0;0;577;0;634;1069;370;662;657;2751;493;532;0;0;0;0;1066;0;0;350;604;998;0;0;0;0;0;0;906;505;557;4459;376;486;552;349;0;367;508;1097;1377;879;0;415;0;0;0;0;0;0;0;0;0;0;0;336;0;0;0;419;0;0;0;587;0;691;647;0;0;0;0;0;0;0;0;0;0;0;0;442;498;462;0;0;0;0;0;612;0;0;0;0;0;0;0;0;0;0;0;0;0;0;0;410;0;0;0;0;0;515;444;453;367;496;376;380;0;0;0;0;0;0;0;0;0;0;0;0;0;0;0;0;0;0;0;0;627;378;575;0;0;0;0;0;0;0;0;0;0;0;0;0;0;0;0;0;0;0;0;0;0;0;0;0;0;0;0;0;0;0;0;0;0;0;0;0;0;0;0;454;0;0;0;0;493;0;0;0;0;0;0;0;0;0;0;0;0;0;0;0;0;0;451;0;0;0;0;0;0;0;0;0;0;0;0;0;0;0;0;0;0;0;0;0;0;0;0;0;0;0;0;0;0;0;0;0;0;0;0;0;0;0;0;0;0;0;0;0;0;0;0;0;0;0;0;0;0;0;0;0;0;0;0;0;0;0;0;0;0;0;0;0;0;0;0;0;0;0;0;0;0;0;0;0;0;0;0;0;0;0;0;0;0;0;0;0;0;0;0;0;0;0;0;0;0;0;0;0;0;0;0;0;0;0;0;0;0;0;0;0;0;0;0;0;0;0;0;0;0;0;0;0;0;0;0;0;0;0;0;0;0;0;0;0;0;0;0;0;0;0;0;0;0;0;0;0;0;0;0;0;0;0;0;0;0;0;0;0;0;0;0;0;0;0;0;0;0;0;0;0;0;0;0;0;0;0;0;0;0;0;0;0;0;0;0;0;0;0;0;0;0;0;0;0;0;0;0;0;0;0;0;0;0;0;0;0;0;0;0;0;0;0;0;0;0;0;0;0;0;0;0;0;0;0;0;0;0;0;0;0;0;0;0;0;0;0;0;0;0;0;0;0;0;0;0;0;0;0;0;0;0;0;0;0;0;0;0;0;0;0;0;0;371;0;0;0;0;0;0;0;0;0;0;0;0;0;0;0;0;0;0;0;0;0;0;0;0;0;0
Gb9;7580;46020;3511;25942;5462;7108;3636;5930;2496;5501;8224;12957;9712;4605;9476;5115;2817;2068;5244;2979;35623;4627;5728;3823;8072;4516;4376;4878;2231;4819;3058;4729;3514;12174;4440;3205;1132;3451;3519;4566;3514;5683;1392;1287;2334;12589;1151;2458;3852;641;1694;1892;8380;1856;1781;1217;6825;3448;0;1563;2092;2373;4678;1273;2881;2959;1874;2306;2687;1447;1616;1514;1875;1291;1056;2099;1994;1443;663;2785;1376;878;1481;1754;12746;2486;12225;2292;1083;841;3419;0;2011;968;2037;988;999;2401;1393;3472;990;2103;1302;775;1778;664;0;0;1326;7917;1022;1401;0;0;0;0;0;2023;2182;0;3502;1788;1050;1042;2326;0;2637;0;2090;1789;1664;1393;1596;0;0;1618;666;2669;1084;1171;708;1395;651;1254;11797;0;692;0;0;1513;953;2701;0;0;0;0;2485;1312;625;0;1041;1445;0;1423;2054;1378;0;0;0;0;0;0;2233;0;1253;0;0;0;0;695;0;805;1908;0;1977;4326;1204;946;1449;1012;2321;0;0;0;0;0;1307;1788;0;0;0;0;817;880;1243;803;1014;0;0;726;976;0;816;1311;0;0;0;0;0;0;1333;898;1164;4559;583;850;731;0;824;0;957;976;2099;0;0;0;0;0;0;0;0;0;0;0;650;0;0;1049;0;0;595;1023;0;0;653;0;1272;2309;1198;0;0;0;0;0;0;0;0;0;653;0;0;0;0;795;0;0;0;681;0;0;0;0;0;0;0;0;0;0;0;0;0;0;0;0;0;854;0;0;0;0;0;0;0;1802;815;0;0;614;0;0;0;0;0;0;0;912;0;0;0;0;0;0;0;0;0;0;0;0;0;0;0;783;0;0;0;0;0;0;0;0;0;0;0;0;688;639;0;0;0;0;0;0;0;0;729;0;602;0;0;0;0;0;0;0;0;0;0;0;0;0;0;0;0;0;0;0;0;0;0;0;0;0;0;0;0;0;0;0;0;0;0;0;0;668;666;675;0;0;0;0;0;0;0;0;0;0;0;0;0;0;0;0;0;0;0;0;0;0;0;780;0;0;0;0;1104;0;0;0;0;0;0;0;0;0;0;0;0;0;0;0;0;0;0;0;0;0;0;0;0;0;0;0;0;0;0;0;0;0;0;0;0;0;0;0;0;0;0;0;0;0;0;0;0;0;0;0;0;0;0;0;0;0;0;0;0;0;0;0;0;0;0;0;0;0;0;0;0;0;0;0;0;0;0;0;0;0;0;0;0;0;0;0;0;0;0;0;0;0;0;0;0;0;0;0;0;0;0;0;0;0;0;0;0;0;0;0;0;0;0;0;0;0;0;0;0;0;0;0;0;0;0;0;0;0;0;0;0;0;0;0;0;0;0;0;0;0;0;0;0;0;0;0;0;0;0;0;0;0;0;0;0;0;0;0;0;0;0;0;0;0;0;0;0;0;0;0;0;0;0;0;0;0;0;0;0;0;0;0;0;0;0;0;0;0;0;0;0;0;0;0;0;0;0;0;0;0;0;0;0;0;0;0;0;0;0;0;0;0;0;0;0;0;0;0;0;0;0;0;0;0;0;0;0;0;0;0;0;0;0;0;0;0;0;0;0;615;0;0;0;0;0;0;0;0;0;0;0;0;0;0;0;0;0;0;0;0;0;0;0;0;0
Sf1;3504;13263;9361;3845;3558;3292;2532;2474;1854;1838;1836;1642;1562;1307;1438;1281;707;732;555;680;6170;2385;2377;1393;1230;1113;1247;805;708;663;539;431;212;0;4228;3086;2989;3004;1881;393;327;5221;970;733;765;525;492;344;326;0;1486;879;809;1005;550;548;1245;1177;1188;968;861;791;712;777;522;538;335;331;310;0;0;4545;1050;877;618;327;0;1972;1214;1201;819;463;0;0;3527;1157;938;897;905;611;0;1085;755;558;450;416;360;1846;777;431;282;264;0;0;0;3204;1943;418;287;0;0;0;0;1100;954;861;902;354;280;327;0;0;0;0;0;0;1404;725;396;368;330;318;351;320;328;254;0;0;0;0;0;0;0;8459;3630;1199;969;433;248;0;0;0;0;0;0;1868;722;860;409;345;462;266;281;0;0;0;0;0;0;3387;1439;1335;380;336;223;0;0;0;0;0;0;471;379;344;259;0;0;0;0;0;0;0;0;0;3987;880;559;497;344;304;0;0;0;0;0;0;0;0;0;0;0;0;0;0;0;0;0;0;1036;527;348;263;368;0;0;0;0;0;0;0;0;0;0;0;0;1598;879;562;646;255;258;0;0;0;0;0;0;0;0;0;0;0;0;0;0;0;0;0;0;0;0;1483;521;519;287;0;0;0;0;0;0;0;0;0;0;0;2957;1103;925;509;390;334;350;0;0;0;0;0;0;0;0;0;0;0;0;0;0;0;0;0;0;0;0;0;0;0;0;0;0;0;0;1987;733;419;442;306;359;604;0;0;0;0;0;0;0;0;0;0;0;0;0;0;0;0;0;0;0;0;0;0;1760;338;0;0;0;0;0;0;0;0;0;0;0;0;0;0;0;0;0;0;0;0;0;0;0;0;0;0;0;0;0;592;673;642;332;234;0;0;0;0;0;0;0;0;0;0;0;0;0;0;0;0;0;0;0;0;0;0;0;0;0;0;0;0;0;0;0;0;573;282;244;272;0;0;0;0;0;0;0;0;0;0;0;0;0;0;0;0;0;0;0;0;0;0;0;0;0;0;0;0;0;0;0;0;0;0;0;0;0;0;0;0;0;0;0;0;0;1956;377;429;267;253;0;0;0;0;0;0;0;0;0;0;0;0;0;0;0;0;0;0;0;0;0;0;0;0;0;0;0;0;0;0;0;0;0;0;0;0;0;0;0;0;0;0;0;0;0;0;0;0;0;0;0;0;0;0;0;0;0;0;0;0;0;0;0;0;0;0;0;0;0;0;0;0;0;0;0;0;0;0;0;0;0;0;0;0;0;0;0;0;0;0;0;0;0;0;0;0;0;0;0;0;0;0;0;0;0;0;0;0;1042;510;488;499;640;447;261;309;234;491;0;0;0;0;0;0;0;0;0;0;0;0;0;0;0;0;0;0;0;0;0;0;0;0;0;0;0;0;0;0;0;0;0;0;0;0;0;0;0;0;0;0;0;0;0;0;0;0;0;0;0;0;0;0;0;0;0;0;0;0;0;0;0;0;0;0;0;0;0;0;0;0;0;0;0;0;0;0;0;0;0;0;0;0;0;0;0;0;0;0;0;0;0;0;0;0;0;0;0;0;0;0;0;0;0;0;0;0;0;0;0
Sf10;4723;4134;3210;2706;1299;3276;3305;3746;1301;5441;2030;2521;598;682;898;1302;1282;985;873;261;688;2552;2284;219;926;243;1574;800;558;436;651;419;710;10965;1068;978;2267;849;768;570;615;1859;460;954;1112;1279;889;451;1010;352;1156;311;1176;424;0;320;0;244;510;631;681;1376;2921;438;0;435;300;247;357;222;462;3318;1225;600;687;264;424;1282;364;2988;954;0;3612;0;1183;0;282;611;0;246;503;868;0;1108;0;0;239;0;0;0;186;0;0;0;803;721;629;418;286;0;190;560;0;1594;725;1176;897;0;0;1223;0;0;384;195;1073;0;0;290;586;0;0;0;233;544;561;0;0;0;0;274;6170;1089;418;2212;0;3356;360;582;480;0;0;6601;0;0;0;2622;0;464;0;542;0;0;357;0;562;0;0;0;0;1005;519;385;0;306;0;272;346;0;0;322;0;0;0;536;0;0;0;301;203;0;0;0;0;0;0;1247;0;0;257;244;0;0;0;239;252;476;0;3193;0;233;199;0;0;0;0;0;0;0;759;695;0;210;0;0;0;0;273;200;0;0;0;0;0;0;0;342;2080;598;0;327;0;0;0;0;0;0;0;0;598;187;0;0;833;266;374;0;0;0;0;0;0;652;793;460;248;379;0;0;216;716;0;0;0;0;0;0;0;0;539;0;223;380;467;0;491;210;0;0;0;368;0;0;517;317;0;236;224;225;202;0;0;0;0;0;0;0;0;0;0;0;0;202;0;0;272;259;0;201;0;0;0;0;0;475;298;0;0;0;0;0;0;0;0;0;0;0;0;0;0;0;0;0;511;0;0;0;0;0;238;311;545;186;0;0;0;0;0;0;0;0;0;0;0;0;0;0;0;0;0;0;0;0;0;0;307;218;0;0;0;0;0;0;210;0;265;0;0;0;0;0;0;0;0;0;0;0;0;0;0;0;0;0;0;0;0;0;0;0;0;0;0;0;0;0;0;0;0;273;270;251;0;0;0;0;0;0;0;0;0;0;0;0;0;0;0;0;0;0;0;0;0;0;0;0;0;0;0;0;0;0;0;0;0;0;0;0;0;0;0;0;0;0;0;0;0;0;0;186;0;0;0;0;0;0;0;0;0;0;0;0;0;0;0;0;272;0;0;0;0;0;0;0;0;0;0;0;0;0;0;0;0;0;0;0;0;0;0;0;0;0;0;0;0;0;0;0;0;0;0;0;0;0;0;0;0;0;0;0;0;0;0;0;0;0;0;0;0;0;0;0;0;0;0;0;0;0;0;0;0;0;0;0;0;0;0;0;0;0;0;0;0;0;0;0;0;0;0;0;0;0;0;0;0;0;0;0;0;0;0;0;0;0;0;0;0;0;0;0;0;0;0;0;0;0;0;0;0;0;0;0;0;0;0;0;0;0;0;0;0;0;0;0;0;0;0;0;0;0;0;0;0;0;0;0;351;0;0;0;0;0;0;0;0;0;0;0;0;0;0;0;0;0;0;0;0;0;0;0;0;0;0;0;0;0;0;0;0;0;0;0;0;0;0;0;0;0;0;0;0;0;0;0;0;0;0;0;0;0;0;0;0;0;0;0;0;0;0;0;0;0;0
Sf11;10138;4684;3723;2652;2136;4335;1063;1816;3110;2901;2749;2983;1290;783;1054;1291;1217;726;349;329;3115;1286;835;406;1050;341;605;728;480;284;320;643;669;6544;2919;2213;1815;681;613;1809;427;1347;171;642;763;1858;241;560;726;553;997;421;1196;253;0;313;179;260;456;588;397;1667;2325;210;297;287;328;166;0;248;416;1566;289;350;444;340;474;1006;265;641;523;0;2043;224;489;912;0;473;366;261;194;546;219;568;0;0;165;0;574;0;0;222;185;253;264;709;555;296;240;0;0;426;0;515;276;334;572;0;0;847;165;0;327;0;1055;0;187;244;416;0;197;0;0;578;264;0;0;0;0;251;3058;518;0;0;0;2862;289;877;412;0;0;8606;0;0;0;1317;0;0;0;252;0;0;182;0;0;0;0;0;0;1106;522;311;0;268;0;162;342;0;0;0;412;0;0;0;0;0;0;153;157;0;0;0;0;0;0;610;0;0;166;326;0;1110;0;0;0;0;0;1086;0;0;390;0;0;0;0;0;0;0;260;532;0;182;0;0;0;0;178;0;154;0;0;0;0;0;0;0;602;251;0;213;0;0;0;0;0;180;213;0;256;190;156;0;0;222;364;0;0;0;0;0;0;368;1039;277;178;248;0;0;0;374;481;168;0;0;0;0;0;0;242;0;228;194;0;715;183;0;0;184;0;222;269;839;336;0;211;207;0;0;0;0;0;0;0;0;0;0;0;0;0;0;0;0;0;184;0;0;0;0;0;0;0;0;0;0;210;318;216;0;0;0;0;0;0;0;0;0;0;0;0;0;0;0;0;0;0;0;0;0;0;230;187;0;197;0;0;0;0;0;0;0;0;0;0;0;0;0;0;0;0;0;0;0;234;0;0;0;0;0;0;0;0;328;0;171;267;219;0;0;0;0;0;0;0;0;0;0;0;0;0;0;0;0;0;0;0;0;0;0;0;0;0;0;0;0;0;0;0;0;0;0;0;0;0;0;0;0;0;0;0;0;0;0;0;0;0;0;0;0;0;0;0;0;0;0;0;0;0;0;0;0;0;0;0;0;0;0;0;0;0;0;0;0;0;0;0;0;0;0;0;0;0;211;0;0;0;0;0;0;163;0;0;0;202;0;0;0;0;0;0;0;0;0;0;0;0;0;0;0;0;0;0;0;0;0;0;0;0;0;0;0;0;0;0;0;0;0;0;0;0;0;0;0;0;0;0;0;0;0;0;0;0;0;0;0;0;0;0;0;0;0;0;0;0;0;0;0;0;0;0;0;0;0;0;0;0;0;0;0;0;0;0;0;0;0;0;0;0;0;0;0;0;0;0;0;0;0;0;0;0;0;0;0;0;0;0;0;0;0;0;0;0;0;0;0;0;0;0;0;0;0;0;0;0;0;0;0;0;0;0;0;0;0;0;0;0;0;0;0;0;0;0;0;0;0;0;304;0;0;0;0;0;0;0;0;0;0;0;0;0;0;0;0;0;0;0;0;0;0;0;0;0;0;0;0;0;0;0;0;0;0;0;0;0;0;0;0;0;0;0;0;0;0;0;0;0;0;0;0;0;0;0;0;0;0;0;0;0;0;0;0;0
Sf12;5340;16370;9029;9129;2638;4447;4471;3027;3701;7385;1610;4600;1189;470;1013;3109;1649;3242;2333;780;2097;644;6149;1211;528;768;3094;1410;930;1346;1187;1078;1004;23001;3967;1745;5044;1641;1465;382;746;3447;488;1599;1207;6201;1857;733;3898;1067;367;1206;402;598;796;569;565;364;2172;1489;552;442;17306;597;406;968;342;0;513;816;1201;806;3246;1125;0;1035;1060;869;745;2997;1387;432;0;648;572;0;0;337;725;454;908;362;374;999;0;421;0;328;3063;412;426;367;297;685;0;502;1591;409;0;1469;0;910;0;1580;738;0;0;0;0;520;0;510;1398;384;889;0;340;578;354;0;0;0;0;945;948;0;0;0;0;535;918;0;511;0;0;0;0;787;1181;0;0;3072;0;0;0;2677;0;0;0;586;0;0;923;486;577;0;0;0;0;833;0;610;0;513;0;727;434;0;468;754;886;0;0;0;0;0;409;0;0;0;0;0;0;0;0;363;0;0;442;416;0;0;0;0;725;0;0;991;0;780;0;0;0;0;0;0;0;0;0;0;0;347;0;0;0;0;766;346;407;367;0;0;0;0;0;0;0;0;0;0;0;0;296;502;410;465;286;0;867;288;0;684;0;635;0;545;427;0;0;0;0;0;0;0;439;450;537;0;502;688;784;623;0;0;0;0;0;0;0;300;0;0;0;1659;0;0;0;319;0;0;399;0;513;314;473;503;522;594;0;734;661;0;0;0;0;0;0;0;0;0;0;0;0;0;0;0;0;0;535;287;0;0;0;575;603;363;578;310;0;0;0;0;0;0;0;0;0;0;0;0;0;0;0;707;0;0;0;296;0;0;0;397;0;334;0;0;0;0;0;0;0;0;0;0;0;0;0;0;0;0;0;0;0;0;0;0;475;0;0;0;0;0;0;0;508;1076;523;293;0;0;0;0;0;0;0;0;0;0;0;0;0;0;0;0;0;0;0;0;0;0;0;0;0;0;0;292;536;0;0;0;820;306;0;0;0;0;0;0;0;0;0;0;0;0;0;0;0;0;0;0;0;0;0;0;0;0;0;0;0;0;0;0;0;0;0;0;0;0;0;0;0;0;0;0;417;0;0;0;0;0;3134;0;0;0;0;0;0;0;0;0;0;0;0;0;0;408;388;485;356;289;0;0;0;0;0;0;0;0;0;0;0;0;0;0;0;0;0;0;0;0;0;0;0;0;0;0;0;0;0;0;0;0;0;0;0;0;0;0;0;0;0;0;0;0;0;0;0;0;0;0;0;0;0;0;0;0;0;0;0;0;0;0;0;0;0;0;0;0;0;0;0;0;0;0;0;0;0;0;0;0;0;0;0;0;0;0;0;0;0;0;0;0;0;0;0;0;0;0;0;0;0;0;0;0;0;0;0;0;0;0;0;0;0;0;0;0;0;0;0;0;0;0;0;0;0;0;0;0;0;0;0;0;0;0;0;0;357;316;0;0;0;0;0;0;0;0;0;0;0;0;0;0;0;0;0;0;0;0;0;0;0;0;0;0;0;0;0;0;0;0;0;0;0;0;0;0;0;0;0;0;0;0;0;0;0;0;0;0;0;0;0;0;0;0;0;0;0;0;0;0;0
Sf13;5525;8209;9456;5305;1417;1922;4975;4149;1611;7307;1062;5197;1981;413;1760;2860;1242;2710;2386;435;578;1120;4824;610;1902;0;2793;1621;882;932;1219;400;1261;25358;1356;616;6553;727;1920;1538;643;2301;661;646;846;3148;329;635;3711;0;584;439;1198;389;486;883;0;0;461;666;340;493;7791;418;1284;351;257;269;729;626;945;2544;4171;616;889;499;610;1315;0;1571;869;0;5991;505;0;0;0;0;578;424;521;748;0;1308;0;352;307;0;0;0;277;560;0;516;920;946;1208;459;319;1533;371;775;0;1258;750;633;818;0;250;1640;0;0;630;658;872;0;0;0;0;0;0;0;0;961;887;0;240;0;0;342;3516;640;460;0;0;655;0;1162;655;0;0;748;0;0;0;6191;0;0;0;657;0;0;771;0;0;0;0;0;0;1501;382;661;0;424;0;458;398;0;515;577;588;0;0;338;0;0;0;0;0;0;0;0;0;0;0;456;0;0;0;368;0;0;0;0;1047;0;0;1546;0;733;0;0;0;0;0;0;0;0;0;0;0;0;0;0;0;0;0;0;630;0;337;0;0;0;0;0;979;0;0;0;0;0;0;552;358;416;0;0;1032;0;497;0;394;0;758;0;0;0;0;0;0;0;0;0;0;0;436;339;334;571;351;278;0;0;0;0;0;0;0;0;0;0;0;4053;437;571;0;254;0;0;1109;3614;460;645;0;0;327;665;295;651;275;0;0;0;0;0;0;0;0;0;0;0;0;0;0;0;0;0;348;318;0;0;0;345;0;0;0;0;0;0;0;0;0;0;0;0;0;0;0;0;0;0;0;480;253;0;286;260;0;0;261;0;0;0;271;0;0;0;0;0;0;0;0;0;0;0;0;0;0;0;0;0;0;0;0;0;0;787;0;0;0;0;0;0;0;0;626;261;582;346;0;0;0;0;0;0;0;0;0;0;0;0;0;0;0;0;0;0;0;0;0;0;0;0;0;0;0;0;0;0;0;0;507;0;0;0;0;0;0;0;0;0;0;0;0;0;0;0;0;0;0;0;0;0;0;0;0;0;0;0;0;0;0;0;0;0;0;0;0;0;0;0;0;348;0;0;0;0;0;0;0;0;0;0;0;0;0;0;0;0;0;0;0;0;0;0;0;0;0;0;283;0;0;0;0;0;0;0;0;0;0;0;0;0;0;0;0;0;0;0;0;0;0;0;0;0;0;0;0;0;0;0;0;0;0;0;0;0;0;0;0;0;0;0;0;0;0;0;0;0;0;0;0;0;0;0;0;0;0;0;0;0;0;0;0;0;0;0;0;0;0;0;0;0;0;0;0;0;0;0;0;0;0;0;0;0;0;0;0;0;0;0;0;0;0;0;0;0;0;0;0;0;0;0;0;0;0;0;0;0;0;0;0;0;0;0;0;0;0;0;0;0;0;0;0;0;0;0;0;0;0;0;0;0;0;0;0;0;772;523;0;0;0;0;0;0;0;0;0;0;0;0;0;0;0;0;0;0;0;0;0;0;0;0;0;0;0;0;0;0;0;0;0;0;0;0;0;0;0;0;0;0;0;0;0;0;0;0;0;0;0;0;0;0;0;0;0;0;0;0;0
Sf14;3094;17600;10995;8242;2442;3554;4010;8141;3968;8634;5923;3569;1051;2561;2712;2872;1195;5769;2284;655;5416;899;3882;1225;2288;646;2087;1626;1646;823;1562;1224;586;41038;2011;4800;6650;1086;2602;2498;1309;1773;702;434;1747;6769;0;1136;5438;614;519;635;2199;0;1470;1027;0;0;2451;2132;0;2364;9709;0;467;403;0;0;503;840;1534;2983;2360;973;1009;1127;828;935;395;0;930;751;3110;1628;0;0;0;0;844;422;0;686;0;1329;0;540;439;0;350;0;487;0;0;596;0;627;2295;824;863;0;0;1700;0;1080;907;830;748;0;1068;1919;0;0;1477;778;1981;0;0;374;0;0;0;0;0;1806;1529;0;465;890;0;584;1125;511;1253;0;0;0;0;669;679;0;0;7207;0;0;0;1941;0;0;0;883;0;0;1195;604;0;430;0;0;0;1804;0;787;595;0;0;399;698;0;522;874;1044;0;0;525;0;0;591;0;417;0;0;0;0;0;0;0;0;0;0;546;0;0;0;0;978;0;0;929;0;372;0;0;0;0;0;0;0;0;0;0;0;0;0;0;0;0;452;553;764;0;0;0;0;0;0;0;0;0;0;907;0;0;454;1016;624;726;0;0;0;487;485;0;0;790;2457;464;371;0;0;0;0;0;0;0;601;0;586;814;0;0;5050;766;0;0;0;0;0;0;0;0;0;0;0;5808;658;0;0;947;0;589;1650;1408;1275;848;365;845;773;530;516;785;614;0;0;0;0;0;0;0;0;0;0;0;0;0;0;0;0;0;560;569;0;0;0;0;0;0;1117;0;0;0;0;0;0;0;0;0;0;0;0;0;0;0;0;718;0;0;463;0;0;0;0;806;0;596;0;528;404;378;0;0;0;0;0;0;0;0;0;0;0;0;0;0;0;0;0;0;0;772;2396;0;0;0;0;409;488;0;597;382;624;0;536;0;0;0;0;0;0;0;0;0;0;0;0;0;0;0;0;0;0;0;0;0;0;0;0;394;0;0;616;0;1380;468;748;0;0;0;0;0;0;0;0;0;0;0;0;0;0;0;0;0;0;0;0;0;0;0;0;0;0;0;0;0;0;0;0;0;0;0;0;0;0;0;0;0;0;0;604;0;0;0;0;0;0;0;0;0;0;0;0;0;0;0;0;0;0;0;0;528;541;422;385;699;492;459;0;0;0;0;0;0;0;0;0;0;0;0;0;0;0;0;0;0;0;0;0;0;0;0;0;0;0;0;0;0;0;0;0;0;0;0;0;0;0;0;0;0;0;0;0;0;0;0;0;0;0;0;0;0;0;0;0;0;0;0;0;0;0;0;0;0;0;0;0;0;0;0;0;0;0;0;0;0;0;0;0;0;0;0;0;0;0;0;0;0;0;0;0;0;0;0;0;0;0;0;0;0;0;0;0;0;0;0;0;0;0;0;0;0;0;0;0;0;0;0;0;0;0;0;0;0;0;0;0;0;0;0;0;0;0;0;444;435;378;351;0;0;0;0;0;0;0;0;0;0;0;0;0;0;0;0;0;0;0;0;0;0;0;0;0;0;0;0;0;0;0;0;0;0;0;0;0;0;0;0;0;0;0;0;0;0;0;0;0;0;0;0;0;0;0;0;0
Sf15;3893;9695;8642;4659;3014;2412;2555;6587;3180;3381;4898;1340;3304;1308;944;3263;2190;1915;1554;631;2801;3395;6424;447;1930;560;1725;310;1028;896;1162;968;540;17880;993;1256;2128;325;851;4187;602;3125;503;1039;1324;2522;762;1000;0;287;1995;0;472;0;419;480;0;0;851;571;452;2867;4040;530;1270;320;841;0;0;564;705;3519;2239;0;738;0;1150;1012;795;657;461;0;309;324;0;0;0;0;328;368;626;746;301;3379;0;0;427;0;861;294;0;0;0;492;1571;1443;457;385;315;432;0;1200;0;1069;706;1024;999;0;0;2653;0;0;498;0;1913;0;0;571;556;0;0;0;0;1081;1622;0;0;355;0;846;4660;1170;557;0;0;1583;0;2063;422;0;0;4208;0;0;0;364;0;0;0;1463;0;0;0;0;1349;318;0;0;0;2791;892;556;0;289;0;468;335;0;465;426;0;0;0;508;0;0;365;613;238;0;0;0;0;0;0;1261;0;0;0;338;0;0;0;0;0;0;0;3862;0;1090;623;0;0;0;0;0;0;0;289;708;0;0;0;0;0;0;0;0;305;285;473;393;0;0;0;272;1993;630;0;281;0;0;0;562;0;0;0;0;752;0;448;0;671;515;1219;0;533;0;0;0;0;716;579;578;0;478;443;0;291;589;1668;457;0;0;0;0;0;0;571;0;327;276;533;1722;0;0;0;0;0;419;412;1830;950;563;749;379;0;0;495;0;0;0;0;0;0;0;0;0;0;0;0;0;0;347;0;0;0;530;488;0;0;0;0;0;0;0;0;0;0;0;0;0;0;0;0;0;0;0;0;0;0;0;0;0;0;0;747;0;0;477;828;0;0;0;0;354;0;0;416;0;0;0;0;0;0;0;0;0;0;0;0;0;403;0;0;0;0;407;770;0;0;0;0;0;0;0;0;0;0;0;0;486;0;0;0;0;0;0;0;0;0;0;0;0;0;0;0;0;0;0;0;0;0;0;0;0;0;338;451;325;0;0;580;0;0;0;0;0;0;0;0;0;0;0;0;0;0;0;0;0;0;0;0;0;0;0;0;0;0;0;0;0;0;0;0;0;0;0;0;0;0;0;0;0;0;0;0;0;0;0;0;0;0;0;0;0;0;0;0;0;409;0;0;0;392;262;0;0;0;0;0;380;0;0;580;0;0;0;0;0;0;0;0;0;0;0;0;0;0;0;0;0;0;0;0;0;0;0;0;0;0;0;0;0;0;0;0;0;0;0;0;0;0;0;0;0;0;0;0;0;0;0;0;0;0;0;0;0;0;0;0;0;0;0;0;0;0;0;0;0;0;0;0;0;0;0;0;0;0;0;0;0;0;0;0;0;0;0;0;0;0;0;0;0;0;0;0;0;0;0;0;0;0;0;0;0;0;0;0;0;0;0;0;0;0;0;0;0;0;0;0;0;0;0;0;0;0;0;0;0;0;0;0;0;0;0;0;0;0;0;0;0;0;0;670;667;563;597;646;303;275;341;259;246;0;0;0;0;0;0;0;0;0;0;0;0;0;0;0;0;0;0;0;0;0;0;0;0;0;0;0;0;0;0;0;0;0;0;0;0;0;0;0;0;0;0;0;0;0;0;0
Sf2;17874;18684;3173;5048;12186;4041;1416;2207;3965;4000;2154;1028;2955;2748;1129;2310;4239;2553;1438;1136;7129;1458;3649;1891;811;2501;717;246;1455;1183;745;1228;386;1188;474;1517;1222;299;713;2133;1882;1227;928;688;415;3338;352;1095;0;479;0;545;0;426;1292;397;2936;0;1692;1127;0;0;2466;614;495;599;0;345;0;316;0;0;1350;0;252;0;299;0;1367;1962;398;754;1987;1077;2519;4669;2675;0;325;318;529;293;631;351;724;273;234;4909;0;1162;0;341;444;218;0;0;459;318;0;743;330;0;0;301;578;389;0;0;636;0;605;357;0;0;0;0;0;577;250;839;425;261;0;0;0;781;321;0;0;0;0;0;0;8806;4935;0;249;350;0;461;251;0;0;0;0;0;1321;363;0;0;672;0;0;0;0;0;0;0;0;0;0;0;597;0;712;529;0;0;0;0;0;608;0;501;710;1200;296;0;0;0;0;0;0;0;0;0;411;527;337;0;348;314;249;0;0;0;0;0;0;0;0;0;0;0;0;0;0;0;787;0;0;0;0;263;0;0;0;0;0;0;0;0;0;0;0;278;0;0;443;0;673;343;287;244;222;0;0;0;0;0;0;0;0;0;0;0;0;0;0;0;0;0;0;0;0;0;0;0;0;0;0;0;0;0;0;0;361;864;0;0;0;0;269;0;0;0;0;0;0;0;0;0;0;0;0;0;0;0;0;0;0;0;0;0;0;0;0;0;0;0;0;0;0;0;0;0;4464;0;0;0;0;0;0;0;0;0;0;0;0;0;0;0;0;0;0;0;0;0;0;0;351;242;490;0;0;0;0;0;0;0;0;0;0;0;0;0;0;0;0;0;0;0;0;0;0;0;0;0;0;0;0;0;0;0;0;0;259;0;0;0;0;0;0;0;0;0;0;0;0;0;0;0;0;0;0;0;0;0;0;0;0;0;0;0;0;0;0;0;299;0;0;0;0;0;0;0;0;0;0;0;0;0;0;0;0;0;0;0;0;0;0;0;0;0;0;0;0;0;0;0;0;0;0;0;0;0;0;0;0;0;0;0;0;0;0;0;0;912;0;0;0;0;2656;0;0;0;0;0;0;0;0;0;0;0;0;0;0;0;0;0;0;0;0;0;0;0;0;0;0;0;0;0;0;0;0;0;0;0;0;0;0;0;0;0;0;0;0;0;0;0;0;0;0;0;0;0;0;0;0;0;0;0;0;0;0;0;0;0;0;0;0;0;0;0;0;0;0;0;0;0;0;0;0;0;0;0;0;0;0;0;0;0;0;0;0;0;0;0;0;0;0;0;0;0;0;0;0;0;0;0;0;0;0;0;0;0;0;0;0;0;554;407;257;247;0;0;0;0;0;0;0;0;0;0;0;0;0;0;0;0;0;0;0;0;0;0;0;0;0;0;0;0;0;0;0;0;0;0;0;0;0;0;0;0;0;0;0;0;0;0;0;0;0;0;0;0;0;0;0;0;0;0;0;0;0;0;0;0;0;0;0;0;0;0;0;0;0;0;0;0;0;0;0;0;0;0;0;0;0;0;0;0;0;0;0;0;0;0;0;0;0;0;0;0;0;0;0;0;0;0;0
Sf3;9930;12151;5547;3956;788;638;3265;812;1689;2635;476;3239;672;3074;861;1734;2671;1685;1079;346;7582;1341;774;512;849;1224;2607;1311;0;691;712;252;373;9357;2492;3204;2409;2406;1884;0;802;2920;447;1155;0;0;0;0;1560;297;0;1312;933;976;565;331;214;1060;2004;1237;0;204;4833;758;0;575;0;390;386;0;490;445;1393;671;0;893;420;0;922;0;1047;448;0;1098;0;0;284;0;630;561;0;441;609;431;0;377;236;223;0;0;0;390;890;0;226;380;1049;410;0;0;213;0;0;1184;786;176;0;338;820;0;0;0;917;0;0;0;0;488;0;0;0;327;0;0;314;0;420;326;227;214;0;0;0;5643;0;0;0;805;0;0;194;0;0;0;0;2102;2494;0;0;427;0;0;880;383;0;0;0;0;0;1117;285;330;0;0;0;295;265;0;0;0;0;0;0;0;0;0;0;0;0;0;0;0;0;0;0;548;344;0;0;0;515;0;0;187;212;0;0;0;0;0;0;0;0;0;0;0;0;0;0;0;0;0;0;0;263;217;0;0;0;0;0;0;0;0;0;0;0;0;290;0;0;365;0;0;0;381;311;259;228;209;180;0;0;0;0;0;0;0;0;0;0;0;0;0;258;587;329;0;0;0;0;0;0;0;0;0;0;0;0;1050;0;0;0;917;630;493;369;207;198;201;256;0;0;0;0;0;0;0;0;0;0;0;0;0;0;0;0;0;0;0;0;0;0;0;0;0;0;0;592;437;340;623;207;0;0;0;0;0;0;0;0;0;0;0;0;0;0;0;0;0;0;0;0;830;551;223;180;0;0;0;0;0;0;0;0;0;0;0;0;0;0;0;0;0;0;0;0;0;0;0;0;0;0;0;0;0;0;470;224;186;0;0;0;0;0;0;0;0;0;0;0;0;0;0;0;0;0;0;0;0;0;0;0;0;0;0;0;0;0;237;0;0;0;0;0;0;0;0;0;0;0;0;0;0;0;0;0;0;0;0;0;0;0;0;0;0;0;0;0;0;0;0;0;0;0;0;0;0;0;0;0;0;0;0;0;0;0;0;371;0;0;0;0;440;324;301;252;226;283;204;0;0;0;0;0;0;0;0;0;0;0;0;0;0;0;0;0;0;0;0;0;0;0;0;0;0;0;0;0;0;0;0;0;0;0;0;0;0;0;0;0;0;0;0;0;0;0;0;0;0;0;0;0;0;0;0;0;0;0;0;0;0;0;0;0;0;0;0;0;0;0;0;0;0;0;0;0;0;0;0;0;0;0;0;0;0;0;0;0;0;0;0;0;0;0;0;0;0;0;0;0;0;0;0;0;0;0;0;0;0;0;0;0;0;2944;416;263;258;242;252;217;208;410;180;179;183;0;0;0;0;0;0;0;0;0;0;0;0;0;0;0;0;0;0;0;0;0;0;0;0;0;0;0;0;0;0;0;0;0;0;0;0;0;0;0;0;0;0;0;0;0;0;0;0;0;0;0;0;0;0;0;0;0;0;0;0;0;0;0;0;0;0;0;0;0;0;0;0;0;0;0;0;0;0;0;0;0;0;0;0;0;0;0;0;0;0;0;0;0;0;0
Sf4;4802;55137;7354;5800;3581;5679;418;1774;1627;738;1593;270;646;1406;958;2500;7029;3335;937;1369;2086;256;6591;1974;974;1283;733;0;1376;817;397;575;0;3619;422;2619;971;0;0;0;1287;708;1458;249;561;1033;1393;600;0;396;0;0;0;0;4602;310;1601;0;0;671;0;545;3305;720;0;0;282;0;0;1197;349;0;1909;0;0;0;236;0;224;992;0;3448;1276;0;1971;4508;2157;0;0;497;0;0;400;325;412;352;0;5632;0;485;0;0;308;369;0;448;0;342;0;0;0;0;278;0;0;0;0;0;0;0;409;432;0;0;0;247;0;591;0;402;0;328;0;0;0;646;199;0;328;0;0;0;0;4752;674;0;252;245;232;0;347;0;0;0;0;0;0;0;0;475;760;0;0;0;0;0;0;0;0;0;397;736;0;0;359;506;0;651;0;0;0;0;0;231;0;0;0;296;0;0;0;0;0;0;0;0;0;0;0;0;0;0;277;0;0;635;291;0;0;0;0;0;0;0;0;0;0;0;0;0;0;0;346;0;0;0;0;0;0;0;0;0;0;0;0;0;0;0;0;0;1513;0;0;458;0;0;217;0;0;0;0;280;0;0;0;0;0;0;0;0;0;0;0;0;0;0;0;246;0;0;0;0;0;0;0;0;0;0;0;0;0;0;0;0;0;0;299;0;0;0;0;0;0;0;0;0;0;0;0;0;0;0;0;0;0;0;0;0;0;0;0;0;0;0;0;0;397;0;0;0;0;479;0;0;0;0;0;0;0;0;0;0;1147;796;0;0;0;0;0;0;0;217;1181;0;0;0;0;298;0;0;0;0;0;0;0;0;0;0;0;0;0;0;0;0;0;0;0;0;0;0;0;0;0;0;0;0;0;0;0;515;254;0;0;0;0;0;0;0;0;0;0;0;0;0;0;0;0;0;0;0;0;0;0;0;0;0;0;0;0;0;0;0;427;259;255;235;0;0;0;0;0;0;0;0;0;0;0;0;0;0;0;0;0;0;0;0;0;0;0;639;0;0;0;0;0;0;0;0;0;0;0;0;0;0;0;0;0;0;0;0;0;0;0;0;0;0;0;0;0;0;965;363;271;0;0;0;0;0;0;0;0;0;0;0;0;0;0;0;0;0;0;0;0;0;0;0;0;0;0;0;0;0;0;0;0;0;0;0;0;0;0;0;0;0;0;0;0;0;0;0;0;0;0;0;0;0;0;0;0;0;0;0;0;0;0;0;0;0;0;0;0;0;0;0;0;0;0;0;0;0;0;0;0;0;0;0;0;0;0;0;0;0;0;0;0;0;0;0;0;0;0;0;0;0;0;0;0;0;0;0;0;0;0;0;0;0;0;0;0;0;0;0;0;0;0;0;1284;603;465;402;397;398;256;240;261;0;0;0;0;0;0;0;0;0;0;0;0;0;0;0;0;0;0;0;0;0;0;0;0;0;0;0;0;0;0;0;0;0;0;0;0;0;0;0;0;0;0;0;0;0;0;0;0;0;0;0;0;0;0;0;0;0;0;0;0;0;0;0;0;0;0;0;0;0;0;0;0;0;0;0;0;0;0;0;0;0;0;0;0;0;0
Sf5;23504;34332;7016;10142;3626;6188;4065;2927;2256;7794;2313;2503;2843;2181;1528;2232;2724;2070;2315;1169;6614;1054;4992;1465;0;1673;2077;1405;1640;910;1093;961;991;627;3676;1568;3824;1657;682;552;1093;3134;1056;1619;1072;3514;1447;886;2556;883;377;1288;0;888;1139;524;2534;986;2718;1833;680;0;8006;1069;0;723;0;570;560;851;0;0;2683;1026;0;797;651;803;1119;5784;962;965;22301;0;3481;2247;3242;340;619;635;579;360;718;643;540;453;0;6285;401;522;726;360;0;0;0;449;1336;0;0;3393;322;615;0;922;368;0;0;400;0;0;0;736;608;0;0;0;1084;810;0;1676;0;0;980;0;325;1076;451;502;439;690;0;0;0;19268;0;0;383;840;569;0;0;633;0;0;0;0;0;698;592;329;0;0;349;0;0;0;0;0;0;0;544;0;0;668;0;628;584;0;331;0;0;540;1176;753;0;0;0;0;0;0;0;0;0;0;0;0;0;0;655;0;0;853;0;0;0;2589;0;1328;0;0;0;0;0;0;0;0;0;0;0;0;0;0;0;0;0;0;0;0;0;0;0;0;0;0;0;0;0;0;0;0;433;0;0;0;0;385;0;0;0;0;0;363;0;0;0;0;0;0;0;0;0;0;0;0;0;0;0;0;367;0;0;0;0;0;0;0;0;0;0;0;0;0;0;0;0;414;1002;0;0;0;0;0;0;0;0;0;0;0;0;0;0;0;0;0;0;0;0;0;0;0;0;0;420;0;0;0;0;0;0;0;0;0;0;0;0;0;0;0;0;0;0;0;0;0;0;0;0;0;0;0;0;0;1171;0;0;0;0;0;0;0;0;0;0;0;0;0;0;0;0;0;0;0;0;0;0;0;0;0;0;0;723;0;0;0;0;0;0;0;0;0;0;416;394;0;0;0;0;0;0;0;0;0;0;0;0;0;0;0;0;0;0;0;0;0;0;0;0;719;0;0;0;0;0;0;0;0;926;0;0;0;0;0;0;0;0;0;0;0;0;0;0;0;0;0;0;0;0;0;0;0;0;0;0;0;0;0;0;0;0;0;0;0;0;0;0;0;0;0;0;0;0;0;0;0;0;0;0;0;0;0;0;0;2002;997;938;513;392;0;0;0;0;0;0;0;0;0;0;0;0;0;0;0;0;0;0;0;0;0;0;0;0;0;0;0;0;0;0;0;0;0;0;0;0;0;0;0;0;0;0;0;0;0;0;0;0;0;0;0;0;0;0;0;0;0;0;0;0;0;0;0;0;0;0;0;0;0;0;0;0;0;0;0;0;0;0;0;0;0;0;0;0;0;0;0;0;0;0;0;0;0;0;0;0;0;0;0;0;0;0;0;0;0;0;0;0;0;0;0;0;0;0;0;0;0;0;0;0;0;0;0;0;0;0;0;0;805;453;0;0;0;0;0;0;0;0;0;0;0;0;0;0;0;0;0;0;0;0;0;0;0;0;0;0;0;0;0;0;0;0;0;0;0;0;0;0;0;0;0;0;0;0;0;0;0;0;0;0;0;0;0;0;0;0;0;0;0;0;0;0;0;0;0;0;0;0;0;0;0;0;0;0;0;0;0;0;0;0;0;0;0;0
Sf6;5204;10082;7917;4383;1383;3282;2624;2289;2656;3813;2059;2388;1945;804;739;1524;2542;975;930;535;2040;2222;2865;999;279;514;1496;1307;507;523;437;411;440;8761;2572;1921;2829;1380;1069;777;542;5595;653;608;933;1141;813;385;1245;664;758;709;0;550;554;216;895;587;428;810;808;2546;3595;563;190;474;182;548;289;349;0;852;878;499;216;216;1109;992;752;2718;794;333;0;320;1085;549;996;0;693;520;251;450;584;567;248;0;0;483;1533;233;232;0;0;0;189;1421;850;0;0;665;270;358;0;850;552;605;0;0;0;0;0;0;291;179;0;0;773;827;502;266;0;171;328;498;0;280;0;0;0;0;3616;305;0;6549;0;354;334;588;254;0;0;744;0;0;0;1178;0;549;401;403;323;0;310;0;0;0;0;0;0;1493;724;622;0;415;0;467;459;0;0;0;0;0;0;361;0;0;0;0;0;0;0;0;0;0;692;346;0;0;347;370;233;0;0;0;0;0;0;1336;0;0;0;0;0;0;0;0;0;0;678;391;0;0;0;0;0;0;0;0;0;0;0;0;0;0;0;858;292;269;371;0;0;0;0;0;0;205;0;0;301;0;191;0;226;166;0;0;0;0;0;0;0;197;659;346;0;0;0;0;0;0;0;0;0;0;0;0;0;0;0;372;0;186;267;0;232;318;0;0;0;198;0;0;0;0;0;0;0;0;0;0;0;0;0;0;0;0;0;0;0;0;0;0;250;373;0;336;0;0;0;0;0;0;0;756;0;0;0;0;0;0;0;0;0;0;0;0;0;0;0;0;0;330;0;0;0;0;0;0;313;226;0;0;0;0;0;0;0;0;0;0;0;0;0;0;0;0;0;0;0;0;0;0;0;0;0;0;0;0;0;0;0;0;0;0;0;0;0;0;0;0;0;0;0;0;0;0;0;0;0;0;0;0;0;0;0;0;0;0;0;0;0;370;0;0;0;0;0;0;0;0;0;0;0;0;0;0;0;0;0;0;0;0;0;0;0;0;0;0;0;0;0;0;0;0;0;0;0;0;0;0;0;0;0;0;0;0;0;0;0;0;0;237;0;0;0;190;0;0;0;0;0;0;0;0;0;380;0;942;0;0;0;0;0;0;0;0;0;0;0;0;0;0;0;0;0;0;0;0;0;0;0;0;0;0;0;0;0;0;0;0;0;0;0;0;0;0;0;0;0;0;0;0;0;0;0;0;0;0;0;0;0;0;0;0;0;0;0;0;0;0;0;0;0;0;0;0;0;0;0;0;0;0;0;0;0;0;0;0;0;0;0;0;0;0;0;0;0;0;0;0;0;0;0;0;0;0;0;0;0;0;0;0;0;0;0;0;0;0;0;0;0;0;0;0;0;0;0;0;0;0;0;0;0;0;0;0;0;288;235;210;0;0;0;0;0;0;0;0;0;0;0;0;0;0;0;0;0;0;0;0;0;0;0;0;0;0;0;0;0;0;0;0;0;0;0;0;0;0;0;0;0;0;0;0;0;0;0;0;0;0;0;0;0;0;0;0;0;0;0;0;0;0;0;0;0;0;0;0;0;0;0;0;0;0;0;0;0;0;0;0;0
Sf7;92539;9003;10596;6885;55574;47300;3686;4272;8350;16084;18429;13124;12292;3029;3288;4437;8021;1657;1879;4411;117813;7354;10087;1451;3274;2652;2667;2397;1284;0;0;2214;3340;19398;8219;17005;4732;2269;3107;1917;1393;6003;0;1415;0;6510;0;0;1144;1485;5490;0;2015;0;0;0;2616;1099;0;1451;2685;13526;6397;0;1750;0;0;0;0;0;2357;5813;1709;0;2001;0;2562;4477;1744;2882;1805;0;5760;0;138240;55120;6473;1700;0;0;0;2946;0;3153;0;0;0;0;0;0;0;0;1605;0;1338;2251;1263;0;0;0;0;0;0;2389;1507;1215;2968;0;0;3142;0;0;0;0;0;0;1114;1514;2664;0;0;0;0;0;1740;2412;0;0;0;0;4481;4837;0;28602;2571;11491;0;11567;0;0;0;19823;0;0;0;4166;2202;1629;1321;1321;0;0;0;0;0;0;0;0;0;2189;2539;0;0;1758;0;0;0;0;0;0;0;0;0;0;0;0;0;0;0;0;0;0;0;0;3131;2541;0;0;0;0;0;4925;0;0;0;3145;0;3221;3192;0;0;0;0;0;0;0;0;0;2613;1586;0;0;0;0;0;0;0;0;0;0;0;0;0;0;0;0;4735;1553;0;0;0;0;0;0;0;0;0;0;0;0;0;0;1569;0;0;0;0;0;0;0;0;2358;6590;2644;0;0;0;0;0;0;0;0;0;0;0;0;0;0;0;0;4794;2097;0;0;0;0;0;0;0;0;0;0;0;0;0;0;0;0;0;0;0;0;0;0;0;0;0;0;0;0;0;1288;0;0;0;0;16687;0;0;0;0;0;0;0;0;0;0;0;0;0;0;0;0;0;0;0;0;0;0;0;0;0;0;0;0;0;0;0;10380;0;0;0;0;0;0;0;0;0;0;0;0;0;0;0;0;0;0;0;0;0;1481;0;0;0;0;0;0;0;0;0;0;6386;0;0;0;0;0;0;0;0;0;0;0;0;0;0;0;0;0;0;0;0;0;0;0;0;0;0;0;0;0;0;0;0;0;0;0;0;0;0;0;0;0;0;0;0;0;0;0;0;0;0;0;0;0;0;0;0;0;0;0;0;0;0;0;0;0;0;0;0;0;0;0;0;0;0;0;0;0;0;0;0;4032;0;0;0;0;0;0;0;0;0;0;0;0;0;0;1741;1310;0;0;0;0;0;0;0;0;0;0;0;0;0;0;0;0;0;0;0;0;0;0;0;0;0;0;0;0;0;0;0;0;0;0;0;0;0;0;0;0;0;0;0;0;0;0;0;0;0;0;0;0;0;0;0;0;0;0;0;0;0;0;0;0;0;0;0;0;0;0;0;0;0;0;0;0;0;0;0;0;0;0;0;0;0;0;0;0;0;0;0;0;0;0;0;0;0;0;0;0;0;0;0;0;0;0;0;0;0;0;0;0;0;0;0;0;0;0;0;0;0;0;0;0;0;0;0;0;0;0;0;4344;4194;3919;3562;1385;1442;1098;0;0;0;0;0;0;0;0;0;0;0;0;0;0;0;0;0;0;0;0;0;0;0;0;0;0;0;0;0;0;0;0;0;0;0;0;0;0;0;0;0;0;0;0;0;0;0;0;0;0;0;0;0;0;0;0;0;0;0;0;0;0;0;0;0;0;0;0;0;0;0;0;0;0
Sf8;1199;4825;4408;3268;2317;4632;3566;4455;968;1974;1268;825;324;1021;846;815;928;719;960;279;1638;1994;645;1004;1144;568;829;582;727;897;819;0;193;1832;1295;1194;2561;1407;1458;305;0;4299;601;233;941;1873;425;0;725;0;1198;0;778;558;527;360;365;230;337;405;552;565;881;173;251;199;270;244;408;0;525;6252;2359;430;715;0;889;950;363;1371;538;311;6403;0;491;296;828;646;392;466;0;598;288;572;324;190;282;298;0;0;0;0;0;0;278;3580;1022;607;0;0;336;273;0;1334;1203;1035;458;155;0;536;0;0;0;0;0;0;427;414;594;0;0;0;236;0;347;0;0;0;0;0;1594;293;0;11008;1072;816;372;258;0;0;0;734;0;0;0;1386;0;823;0;469;0;0;286;0;0;0;0;0;0;1443;506;748;0;200;0;174;409;0;0;243;0;0;0;0;0;0;0;0;0;0;0;0;0;0;1311;982;0;0;0;219;0;0;172;159;0;0;0;1671;0;373;0;0;0;0;0;0;0;0;643;334;0;0;0;0;0;0;0;0;0;0;0;0;0;0;0;370;1075;549;166;0;0;0;0;0;0;0;0;0;601;0;0;0;280;0;0;0;0;0;0;0;0;1076;217;434;0;246;0;0;253;0;0;0;0;0;0;0;0;163;551;0;172;0;279;0;0;342;0;0;0;0;0;0;0;0;0;0;0;0;0;0;0;0;0;0;0;0;0;0;0;0;0;463;284;347;397;345;0;0;0;0;0;0;0;183;0;0;0;0;0;0;0;0;0;0;0;0;0;0;0;0;0;0;577;0;0;238;0;0;408;0;0;0;0;0;0;0;0;0;0;0;0;0;0;0;0;0;0;0;0;0;0;0;0;271;305;200;0;0;0;0;0;0;199;0;0;0;0;0;0;0;0;0;0;0;0;0;0;0;0;0;0;0;0;0;0;0;0;0;0;0;244;0;0;0;0;0;0;0;0;0;0;0;0;0;0;0;0;0;0;0;0;0;0;0;0;0;0;0;0;0;0;0;0;0;0;0;0;0;0;0;0;0;0;0;0;0;0;0;0;448;283;0;0;0;0;0;0;0;0;0;0;0;0;639;396;0;0;0;0;241;0;0;0;0;0;0;0;0;0;0;0;0;0;0;0;0;0;0;0;0;0;0;0;0;0;0;0;0;0;0;0;0;0;0;0;0;0;0;0;0;0;0;0;0;0;0;0;0;0;0;0;0;0;0;0;0;0;0;0;0;0;0;0;0;0;0;0;0;0;0;0;0;0;0;0;0;0;0;0;0;0;0;0;0;0;0;0;0;0;0;0;0;0;0;0;0;0;0;0;0;0;0;0;0;0;0;0;0;0;0;0;0;0;0;0;0;0;0;0;0;0;0;0;0;0;0;0;0;0;0;0;0;0;0;0;0;0;359;391;236;177;186;0;0;0;0;0;0;0;0;0;0;0;0;0;0;0;0;0;0;0;0;0;0;0;0;0;0;0;0;0;0;0;0;0;0;0;0;0;0;0;0;0;0;0;0;0;0;0;0;0;0;0;0;0;0;0;0;0;0;0;0;0;0;0;0;0;0;0;0;0
Sf9;15898;5333;8225;5523;3341;4882;4253;3286;1541;4835;4912;3437;2218;1043;2001;1405;970;782;1001;641;1939;4655;2777;514;2123;562;2056;900;756;562;833;809;831;10027;2529;1118;4382;1176;1956;1243;0;4720;521;1690;801;1326;579;587;1254;268;2274;642;1313;558;0;545;337;593;1142;904;1065;1836;1963;553;805;691;370;288;550;356;703;7022;1131;782;1054;330;1379;2111;858;2841;1063;0;1699;0;1615;0;424;1603;424;484;0;1237;333;1664;293;0;440;428;465;0;0;0;0;0;668;2198;967;0;0;0;0;791;0;2321;1117;1276;1288;0;0;1287;0;0;369;0;1302;0;531;434;1136;0;0;0;355;842;701;0;0;0;0;541;9519;1575;345;4605;0;4085;524;744;565;0;0;9552;0;0;0;2337;0;606;0;664;0;0;359;266;763;0;0;0;0;2559;1142;1055;0;480;0;333;362;0;0;0;0;0;0;485;0;0;0;389;396;0;0;0;0;0;0;1957;0;0;395;737;0;0;0;0;0;0;0;2394;0;0;0;0;0;0;0;0;0;0;1566;2008;0;0;0;0;0;0;0;0;0;0;0;0;0;0;0;1183;1975;971;0;333;0;0;0;0;0;0;0;0;641;0;0;0;679;0;0;0;0;0;0;0;0;1560;1171;1004;339;815;0;0;295;986;0;0;0;0;0;0;0;0;1088;0;526;484;369;0;705;0;0;0;0;676;0;713;694;326;305;0;0;0;0;0;0;0;0;0;0;0;0;0;0;0;0;908;321;707;695;0;447;0;0;0;0;0;0;661;0;0;0;0;0;0;0;0;0;0;0;0;0;0;0;0;0;0;0;465;0;0;0;0;608;656;567;0;0;0;0;0;0;0;0;0;0;0;0;0;0;0;0;0;0;0;0;0;574;0;613;343;0;0;1195;0;0;477;347;305;0;0;0;0;0;0;0;0;0;0;0;0;0;0;0;0;0;0;0;0;0;0;0;0;0;0;0;0;0;0;0;0;0;336;0;0;0;0;0;0;0;0;0;0;0;0;0;0;0;0;0;0;0;0;0;0;0;0;0;0;0;0;0;0;0;0;0;0;0;0;0;0;0;0;0;0;0;0;0;0;0;0;0;0;0;0;0;0;0;0;0;0;0;0;0;903;526;305;281;641;0;0;0;0;0;0;0;0;0;0;0;0;0;0;0;0;0;0;0;0;0;0;0;0;0;0;0;0;0;0;0;0;0;0;0;0;0;0;0;0;0;0;0;0;0;0;0;0;0;0;0;0;0;0;0;0;0;0;0;0;0;0;0;0;0;0;0;0;0;0;0;0;0;0;0;0;0;0;0;0;0;0;0;0;0;0;0;0;0;0;0;0;0;0;0;0;0;0;0;0;0;0;0;0;0;0;0;0;0;0;0;0;0;0;0;0;0;0;0;0;0;0;0;0;0;0;0;0;0;0;0;0;0;0;0;0;0;0;426;374;0;0;0;0;0;0;0;0;0;0;0;0;0;0;0;0;0;0;0;0;0;0;0;0;0;0;0;0;0;0;0;0;0;0;0;0;0;0;0;0;0;0;0;0;0;0;0;0;0;0;0;0;0;0;0;0;0;0;0;0;0;0;0;0;0;0;0
Wb1;3126;0;0;0;0;0;0;0;0;0;0;0;0;0;0;0;0;0;0;0;0;0;0;0;0;0;0;0;0;0;0;0;0;0;0;0;0;0;0;0;0;0;0;0;0;0;0;0;0;0;0;0;0;0;0;0;0;0;0;0;0;0;0;0;0;0;0;0;0;0;0;0;0;0;0;0;0;0;0;0;0;0;0;0;0;0;0;0;0;0;0;0;0;0;0;0;0;0;0;0;0;0;0;0;0;0;0;0;0;0;0;0;111823;0;0;0;0;0;0;0;0;0;0;0;0;1193;0;0;0;0;0;0;0;0;0;0;0;0;0;0;0;0;0;0;0;0;0;0;0;0;0;0;2124;1089;0;0;0;0;0;0;0;0;0;0;0;0;1599;882;0;0;0;0;0;0;0;0;0;0;0;0;0;0;0;0;0;0;0;0;0;0;0;17382;480;0;0;0;0;0;0;0;0;0;0;0;0;0;0;0;0;0;0;0;0;0;80651;669;351;333;0;0;0;0;0;0;0;0;0;0;0;0;0;0;0;0;0;0;0;0;0;0;0;0;0;0;0;0;0;0;0;0;0;0;0;0;0;0;0;0;0;564;0;0;0;0;0;0;0;0;0;0;0;0;0;0;0;0;0;0;0;0;0;0;0;0;0;0;0;0;0;0;0;0;0;0;0;0;0;0;0;0;0;0;0;0;0;0;0;0;1750;0;0;0;0;0;0;0;0;0;0;0;0;0;0;0;0;0;0;0;0;0;0;0;1712;1559;738;0;0;0;0;0;0;0;0;0;0;0;0;0;0;0;0;0;0;0;0;0;0;0;0;2288;0;0;0;0;0;0;0;0;0;0;0;0;0;0;0;0;0;0;0;0;0;0;0;0;0;0;0;0;0;0;0;0;0;0;0;0;0;1952;1037;345;0;0;0;0;0;0;0;0;0;0;0;0;0;0;0;0;0;0;0;0;0;0;0;0;0;0;0;0;0;0;0;0;0;0;0;0;4185;1791;1565;1092;600;457;414;255;0;0;0;0;0;0;0;0;0;0;0;0;0;0;0;0;0;0;0;0;0;0;0;0;0;0;0;0;0;0;0;0;0;0;0;0;0;0;0;0;0;0;0;0;0;0;0;0;0;0;0;0;0;0;0;0;0;0;0;0;0;0;0;0;0;0;0;1157;1127;709;603;566;719;528;452;395;364;482;339;328;318;303;323;292;0;0;0;0;0;0;0;0;0;0;0;0;0;0;0;0;0;0;0;0;0;0;0;0;0;0;0;0;0;0;0;0;0;0;0;0;0;0;0;0;0;0;0;0;0;0;0;0;0;0;0;0;0;0;0;0;0;0;0;0;0;0;0;0;0;0;0;0;0;0;0;0;0;0;0;0;0;0;0;0;0;0;0;0;0;0;0;0;0;0;0;0;0;0;0;0;0;0;0;0;0;0;0;0;0;0;0;0;0;0;0;0;0;0;0;0;0;0;0;0;0;0;0;0;0;0;0;0;0;0;0;0;0;0;0;0;0;0;0;0;0;0;0;0;0;0;0;0;0;0;0;0;0;0;0;0;0;0;0;0;0;0;0
Wb10;15745;0;0;0;0;0;0;0;0;0;0;0;0;0;0;0;0;0;0;0;0;0;0;0;0;0;0;0;0;0;0;0;0;0;0;0;0;0;0;0;0;0;0;0;0;0;0;0;0;0;0;0;0;0;0;0;0;0;0;0;0;0;0;0;0;0;0;0;0;0;0;0;0;0;0;0;0;0;0;0;0;0;0;0;0;0;0;0;0;0;0;0;0;0;0;0;0;0;0;0;0;0;0;0;0;0;0;0;0;0;0;0;8279;0;0;0;0;0;0;0;0;0;0;0;0;2387;0;0;0;0;0;0;0;0;0;0;0;0;0;0;0;0;0;0;0;0;0;0;0;0;0;0;568;3977;907;0;0;0;0;0;0;0;0;0;0;0;266;281;774;0;0;0;0;0;0;0;0;0;0;0;0;0;0;0;0;0;0;0;0;0;0;0;1054;317;0;0;0;0;0;0;0;0;0;0;0;0;0;0;0;0;0;0;0;0;85368;242;774;263;0;0;0;0;0;0;0;0;0;0;0;0;0;0;0;0;0;0;0;0;0;0;0;0;0;0;0;0;0;0;0;0;0;0;0;0;0;0;0;0;0;0;0;0;0;0;0;0;0;0;0;0;0;0;0;0;0;0;0;0;0;0;0;0;0;0;0;0;0;0;0;0;0;0;0;0;0;0;0;0;0;0;0;0;0;0;0;0;0;0;0;0;0;0;0;0;0;0;0;0;0;0;0;0;0;0;0;0;0;0;0;0;0;0;0;0;0;0;0;0;0;262;0;0;0;0;0;0;0;0;0;0;0;0;0;0;0;0;0;0;0;0;0;0;0;0;0;0;0;0;373;0;0;0;0;0;0;0;0;0;0;0;0;0;0;0;0;0;0;0;0;0;0;0;0;0;0;0;0;0;0;0;0;0;105551;0;0;0;0;0;0;0;0;0;0;0;0;0;0;0;0;0;0;0;0;0;0;0;0;0;0;0;0;0;0;0;0;0;0;0;0;0;0;0;473;0;0;0;0;0;0;0;0;0;0;0;0;0;0;0;0;0;0;0;0;0;0;0;0;0;0;0;0;0;0;0;0;0;0;0;0;0;0;0;0;0;0;0;0;0;0;0;0;0;0;0;0;0;0;0;0;0;0;0;0;0;0;0;0;0;0;0;0;0;0;0;0;0;0;0;0;0;0;0;0;0;0;0;0;0;0;0;0;0;0;0;0;0;0;0;0;0;0;0;0;0;0;0;0;0;0;0;0;0;0;0;0;0;0;0;0;0;0;0;0;0;0;0;0;0;0;0;0;0;0;0;0;0;0;0;0;0;0;0;0;0;0;0;0;0;0;0;0;0;0;0;0;0;0;0;0;0;0;0;0;0;0;0;0;0;0;0;0;0;0;0;0;0;0;0;0;0;0;0;0;0;0;0;0;0;0;0;0;0;0;0;0;0;0;0;0;0;0;0;0;0;0;0;0;0;0;0;0;0;0;0;0;0;0;0;0;0;0;0;0;0;0;0;0;0;0;0;0;0;0;0;0;0;0;0;0;0;0;0;0;0;0;0;0;0;0;0;0
Wb11;1978;0;0;0;0;0;0;0;0;0;0;0;0;0;0;0;0;0;0;0;0;0;0;0;0;0;0;0;0;0;0;0;0;0;0;0;0;0;0;0;0;0;0;0;0;0;0;0;0;0;0;0;0;0;0;0;0;0;0;0;0;0;0;0;0;0;0;0;0;0;0;0;0;0;0;0;0;0;0;0;0;0;0;0;0;0;0;0;0;0;0;0;0;0;0;0;0;0;0;0;0;0;0;0;0;0;0;0;0;0;0;0;93593;0;0;0;0;0;0;0;0;0;0;0;0;2568;0;0;0;0;0;0;0;0;0;0;0;0;0;0;0;0;0;0;0;0;0;0;0;0;0;0;2640;0;1610;0;0;0;0;0;0;0;0;0;0;0;446;286;931;0;0;0;0;0;0;0;0;0;0;0;0;0;0;0;0;0;0;0;0;0;0;368;0;0;0;0;0;0;0;0;0;0;0;0;0;0;0;0;0;0;0;0;0;0;0;942;0;598;0;0;0;0;0;0;0;0;0;0;0;0;0;0;0;0;290;0;0;0;0;0;0;0;0;0;0;0;0;0;0;0;0;0;0;0;0;0;0;0;0;282;0;0;0;0;0;0;0;0;0;0;0;0;0;0;0;0;0;0;0;0;0;0;0;0;0;0;0;0;0;0;0;0;0;0;0;0;0;0;0;0;0;0;0;0;0;0;0;0;0;244;529;0;0;0;0;0;0;0;0;0;0;0;0;0;0;0;0;0;0;0;0;0;0;0;0;0;0;332;0;0;0;0;0;0;0;0;0;0;0;0;0;0;0;0;0;0;0;0;0;0;0;0;424;0;0;0;0;84117;366;0;0;0;0;0;0;0;0;0;0;0;0;0;0;0;0;0;0;0;0;0;0;0;0;0;0;0;0;5341;0;0;0;0;0;0;395;322;0;0;0;0;0;0;0;0;0;0;0;0;0;0;0;0;0;0;0;0;0;0;0;0;0;0;0;0;0;0;0;0;0;0;0;0;0;241;0;0;0;0;0;0;0;288;0;0;0;0;0;0;0;0;0;0;0;0;0;0;0;0;0;0;0;0;0;0;0;0;0;0;0;0;0;0;0;0;0;0;0;0;0;0;0;0;0;0;0;0;0;0;0;0;0;0;0;0;0;0;0;0;0;0;0;0;0;0;0;0;0;0;0;0;0;0;0;0;0;0;0;0;0;0;0;0;0;0;0;0;0;0;0;0;0;0;0;0;0;0;0;0;0;0;0;0;0;0;0;0;0;0;5653;398;232;0;0;0;0;0;0;0;0;0;0;0;0;0;0;0;0;0;0;0;0;0;0;0;0;0;0;0;0;0;0;0;0;0;0;0;0;0;0;0;0;0;0;0;0;0;0;0;0;0;0;0;0;0;0;0;0;0;0;0;0;0;0;0;0;0;0;0;0;0;0;0;0;0;0;0;0;0;0;0;0;0;0;0;0;0;0;0;0;0;0;0;0;0;0;0;0;0;0;0;0;0;0;0;0;0;0;0;0;0;0;0;0;0;0;0;0;0;0;0;0;0;0;0;0;0;0;0;0;0;0
Wb12;9187;0;0;0;0;0;0;0;0;0;0;0;0;0;0;0;0;0;0;0;0;0;0;0;0;0;0;0;0;0;0;0;0;0;0;0;0;0;0;0;0;0;0;0;0;0;0;0;0;0;0;0;0;0;0;0;0;0;0;0;0;0;0;0;0;0;0;0;0;0;0;0;0;0;0;0;0;0;0;0;0;0;0;0;0;0;0;0;0;0;0;0;0;0;0;0;0;0;0;0;0;0;0;0;0;0;0;0;0;0;0;0;155270;0;0;0;0;0;0;0;0;0;0;0;0;2156;0;0;0;0;0;0;0;0;0;0;0;0;0;0;0;0;0;0;0;0;0;0;0;0;0;0;333;7206;918;0;0;0;0;0;0;0;0;0;0;0;375;245;692;0;0;0;0;0;0;0;0;0;0;0;0;0;0;0;0;0;0;0;0;0;0;0;603;500;0;0;0;0;0;0;0;0;0;0;0;0;0;0;0;0;0;0;0;0;0;403;0;358;0;0;0;0;0;0;0;0;0;0;0;0;0;0;0;0;224;0;0;0;0;0;0;0;0;0;0;0;0;0;0;0;0;0;0;0;0;0;0;0;0;354;442;0;0;0;0;0;0;0;0;0;0;0;0;0;746;601;0;0;0;0;0;0;0;0;0;0;0;0;0;0;0;0;0;0;0;0;0;0;0;0;0;0;0;0;0;0;0;0;0;0;380;0;0;0;0;0;0;0;0;0;0;0;0;0;0;0;0;0;0;0;0;0;0;0;0;0;0;340;423;334;0;0;0;0;0;0;0;0;0;0;0;0;0;0;0;0;0;0;0;0;0;0;0;0;0;0;198;0;0;0;0;0;0;0;0;0;0;0;0;0;0;0;0;0;0;0;0;0;0;0;0;0;0;0;0;0;0;0;0;0;0;0;0;0;892;0;0;0;0;0;0;0;0;0;0;0;0;0;0;0;0;0;0;0;0;0;0;0;0;0;0;0;0;0;0;0;0;0;0;0;0;0;0;0;0;0;0;0;0;0;0;0;0;275;0;0;0;0;0;0;0;0;0;0;0;0;0;0;0;0;0;0;0;0;0;0;0;0;0;0;0;0;0;0;0;0;0;0;0;0;0;0;0;0;0;0;0;0;0;0;0;0;0;0;0;0;0;0;0;0;0;0;0;0;0;0;0;0;0;0;0;0;0;0;0;0;0;0;0;0;0;0;0;0;0;0;0;0;0;0;0;0;0;0;0;0;0;0;0;0;0;0;0;0;0;0;0;0;0;0;0;381;364;284;235;0;0;0;0;0;0;0;0;0;0;0;0;0;0;0;0;0;0;0;0;0;0;0;0;0;0;0;0;0;0;0;0;0;0;0;0;0;0;0;0;0;0;0;0;0;0;0;0;0;0;0;0;0;0;0;0;0;0;0;0;0;0;0;0;0;0;0;0;0;0;0;0;0;0;0;0;0;0;0;0;0;0;0;0;0;0;0;0;0;0;0;0;0;0;0;0;0;0;0;0;0;0;0;0;0;0;0;0;0;0;0;0;0;0;0;0;0;0;0;0;0;0;0;0;0;0
Wb13;20395;0;0;0;0;0;0;0;0;0;0;0;0;0;0;0;0;0;0;0;0;0;0;0;0;0;0;0;0;0;0;0;0;0;0;0;0;0;0;0;0;0;0;0;0;0;0;0;0;0;0;0;0;0;0;0;0;0;0;0;0;0;0;0;0;0;0;0;0;0;0;0;0;0;0;0;0;0;0;0;0;0;0;0;0;0;0;0;0;0;0;0;0;0;0;0;0;0;0;0;0;0;0;0;0;0;0;0;0;0;0;0;93310;0;0;0;0;0;0;0;0;0;0;0;0;2453;0;0;0;0;0;0;0;0;0;0;0;0;0;0;0;0;0;0;0;0;0;0;0;0;0;0;867;3780;1280;0;0;0;0;0;0;0;0;0;0;0;356;363;764;0;0;0;0;0;0;0;0;0;0;0;0;0;0;0;0;0;0;0;0;0;0;316;504;417;0;0;0;0;0;0;0;0;0;0;0;0;0;0;0;0;0;0;0;0;7070;275;466;813;0;0;0;0;0;0;0;0;0;0;0;0;0;0;0;0;331;0;0;0;0;0;0;0;0;0;0;0;0;0;0;0;0;0;0;0;0;0;0;0;0;325;290;0;0;0;0;0;0;0;0;0;0;0;0;0;350;0;0;0;0;0;0;0;0;0;0;0;0;0;0;0;0;0;0;0;0;0;0;0;0;0;0;0;0;0;0;0;0;0;0;0;248;0;0;0;0;0;0;0;0;0;0;0;0;0;0;0;0;0;0;0;0;0;0;0;0;0;0;0;0;317;0;0;0;0;0;0;0;0;0;0;0;0;0;0;0;0;0;0;0;0;37578;0;262;0;0;0;0;0;0;23399;0;0;0;0;0;0;0;0;0;0;0;0;0;0;0;0;0;0;0;0;0;0;0;0;0;0;0;0;0;0;0;0;684;0;0;0;350;0;0;0;0;0;0;0;0;0;0;0;0;0;0;0;0;0;0;0;0;0;0;0;0;0;0;0;0;0;0;0;0;0;0;0;0;0;0;0;0;0;0;0;0;0;0;0;0;0;0;0;0;0;0;0;0;0;0;0;0;0;0;0;0;0;0;0;0;0;0;0;0;0;0;0;0;0;0;0;0;0;0;0;0;0;0;0;0;0;0;0;0;0;0;0;0;0;0;0;0;0;0;0;0;0;0;0;0;0;0;0;0;0;0;0;0;0;0;0;0;0;0;0;0;0;0;0;0;0;0;0;0;0;0;0;0;0;0;0;0;0;0;0;0;0;0;0;0;0;0;0;0;0;0;0;0;0;0;0;0;0;0;0;0;0;0;0;0;0;0;0;0;0;0;0;0;0;0;0;0;0;0;0;0;0;0;0;0;0;0;0;0;0;0;0;0;0;0;0;0;0;0;0;0;0;0;0;0;0;0;0;0;0;0;0;0;0;0;0;0;0;0;0;0;0;0;0;0;0;0;0;0;0;0;0;0;0;0;0;0;0;0;0;0;0;0;0;0;0;0;0;0;0;0;0;0;0;0;0;0;0;0;0;0;0;0;0;0;0;0;0;0;0;0;0;0;0;0;0;0;0;0;0;0
Wb14;31851;0;0;0;0;0;0;0;0;0;0;0;0;0;0;0;0;0;0;0;0;0;0;0;0;0;0;0;0;0;0;0;0;0;0;0;0;0;0;0;0;0;0;0;0;0;0;0;0;0;0;0;0;0;0;0;0;0;0;0;0;0;0;0;0;0;0;0;0;0;0;0;0;0;0;0;0;0;0;0;0;0;0;0;0;0;0;0;0;0;0;0;0;0;0;0;0;0;0;0;0;0;0;0;0;0;0;0;0;0;0;0;86187;0;0;0;0;0;0;0;0;0;0;0;0;1765;0;0;0;0;0;0;0;0;0;0;0;0;0;0;0;0;0;0;0;0;0;0;0;0;0;0;213;0;669;0;0;0;0;0;0;0;0;0;0;0;417;216;424;0;0;0;0;0;0;0;0;0;0;0;0;0;0;0;0;0;0;0;0;0;0;185;2492;1429;0;0;0;0;0;0;0;0;0;0;0;0;0;0;0;0;0;0;0;0;10494;566;529;538;0;0;0;0;0;0;0;0;0;0;0;0;0;0;0;0;215;0;0;0;0;0;0;0;0;0;0;0;0;0;0;0;0;0;0;0;0;0;0;0;0;588;422;0;0;0;0;0;0;0;0;0;0;0;0;0;0;622;0;0;0;0;0;0;0;0;0;0;0;0;0;0;0;0;0;0;0;0;0;0;0;0;0;0;0;0;0;0;0;0;0;0;0;0;0;0;0;0;0;0;0;0;0;0;0;0;0;0;0;0;0;0;0;0;0;0;0;0;487;379;423;294;0;0;0;0;0;0;0;0;0;0;0;0;0;0;0;0;0;0;0;0;0;0;0;0;661;386;321;0;0;9649;0;0;0;0;0;0;0;0;0;0;0;0;0;0;0;0;0;0;0;0;0;0;0;0;0;0;0;0;0;255;0;0;0;299;356;317;172;0;0;0;0;0;0;0;0;0;0;0;0;0;0;0;0;0;0;0;0;0;0;0;0;0;0;0;0;0;0;0;0;0;0;0;0;0;14552;0;0;0;0;0;0;0;192;0;207;189;0;0;0;0;0;0;0;0;0;0;0;0;0;0;0;0;0;0;0;0;0;0;0;0;0;0;0;0;0;0;0;0;0;0;0;0;0;0;0;0;0;0;0;0;0;0;0;0;0;0;0;0;0;0;0;0;0;0;0;0;0;0;0;0;0;0;0;0;0;0;0;0;0;0;0;0;0;0;0;0;0;0;0;0;0;0;0;0;0;0;0;0;0;0;0;0;0;0;0;0;0;0;0;0;0;0;0;0;0;232;214;856;674;0;0;0;0;0;0;0;0;0;0;0;0;0;0;0;0;0;0;0;0;0;0;0;0;0;0;0;0;0;0;0;0;0;0;0;0;0;0;0;0;0;0;0;0;0;0;0;0;0;0;0;0;0;0;0;0;0;0;0;0;0;0;0;0;0;0;0;0;0;0;0;0;0;0;0;0;0;0;0;0;0;0;0;0;0;0;0;0;0;0;0;0;0;0;0;0;0;0;0;0;0;0;0;0;0;0;0;0;0;0;0;0;0;0;0;0;0;0;0;0;0;0
Wb15;27029;0;0;0;0;0;0;0;0;0;0;0;0;0;0;0;0;0;0;0;0;0;0;0;0;0;0;0;0;0;0;0;0;0;0;0;0;0;0;0;0;0;0;0;0;0;0;0;0;0;0;0;0;0;0;0;0;0;0;0;0;0;0;0;0;0;0;0;0;0;0;0;0;0;0;0;0;0;0;0;0;0;0;0;0;0;0;0;0;0;0;0;0;0;0;0;0;0;0;0;0;0;0;0;0;0;0;0;0;0;0;0;170386;0;0;0;0;0;0;0;0;0;0;0;0;2295;0;0;0;0;0;0;0;0;0;0;0;0;0;0;0;0;0;0;0;0;0;0;0;0;0;0;0;1508;1020;0;0;0;0;0;0;0;0;0;0;0;0;261;605;0;0;0;0;0;0;0;0;0;0;0;0;0;0;0;0;0;0;0;0;0;0;0;528;338;0;0;0;0;0;0;0;0;0;0;0;0;0;0;0;0;0;0;0;0;55611;0;1280;456;0;0;0;0;0;0;0;0;0;0;0;0;0;0;0;0;0;0;0;0;0;0;0;0;0;0;0;0;0;0;0;0;0;0;0;0;0;0;0;0;0;0;0;0;0;0;0;0;0;0;0;0;0;0;0;0;0;0;0;0;0;0;0;0;0;0;0;0;0;0;0;0;0;0;0;0;0;0;0;0;0;0;0;0;0;0;0;0;0;0;0;0;0;0;0;0;0;0;0;0;0;0;0;0;0;0;0;0;0;0;0;0;0;0;0;0;0;0;0;0;0;314;0;0;0;0;0;0;0;0;0;0;0;0;0;0;0;0;0;0;0;0;0;0;0;0;0;0;0;0;0;0;2096;0;0;0;0;0;0;0;0;0;0;0;0;0;0;0;0;0;0;0;0;0;0;0;0;0;0;0;0;0;0;0;0;0;0;0;0;650;0;0;0;0;0;0;0;0;0;0;0;0;0;0;0;0;0;0;0;0;0;0;0;0;0;0;0;0;0;0;0;0;0;0;0;0;0;0;0;0;0;0;0;0;0;0;0;0;315;0;0;0;0;0;0;0;0;0;0;0;0;0;0;0;0;0;0;0;0;0;0;0;0;0;0;0;0;0;0;0;0;0;0;0;0;0;0;0;0;0;0;0;0;0;0;0;0;0;0;0;0;0;0;0;0;0;0;0;0;0;0;0;0;0;0;0;0;0;0;0;0;0;0;0;0;0;0;0;0;0;0;0;0;0;0;0;0;0;0;0;0;0;0;0;0;0;0;0;0;0;0;0;0;0;0;0;0;0;0;0;0;0;0;0;0;0;0;0;0;0;0;0;0;0;0;0;0;0;0;0;0;0;0;0;0;0;0;0;0;0;0;0;0;0;0;0;0;0;0;0;0;0;0;0;0;0;0;0;0;0;0;0;0;0;0;0;0;0;0;0;0;0;0;0;0;0;0;0;0;0;0;0;0;0;0;0;0;0;0;0;0;0;0;0;0;0;0;0;0;0;0;0;0;0;0;0;0;0;0;0;0;0;0;0;0;0;0;0;0;0;0;0;0;0;0;0;0;0;0;0;0;0;0
Wb16;30880;0;0;0;0;0;0;0;0;0;0;0;0;0;0;0;0;0;0;0;0;0;0;0;0;0;0;0;0;0;0;0;0;0;0;0;0;0;0;0;0;0;0;0;0;0;0;0;0;0;0;0;0;0;0;0;0;0;0;0;0;0;0;0;0;0;0;0;0;0;0;0;0;0;0;0;0;0;0;0;0;0;0;0;0;0;0;0;0;0;0;0;0;0;0;0;0;0;0;0;0;0;0;0;0;0;0;0;0;0;0;0;219131;0;0;0;0;0;0;0;0;0;0;0;0;2831;0;0;0;0;0;0;0;0;0;0;0;0;0;0;0;0;0;0;0;0;0;0;0;0;0;0;1002;5596;1366;0;0;0;0;0;0;0;0;0;0;0;449;0;1011;0;0;0;0;0;0;0;0;0;0;0;0;0;0;0;0;0;0;0;0;0;0;354;3128;1372;0;0;0;0;0;0;0;0;0;0;0;0;0;0;0;0;0;0;0;0;0;1898;0;1435;0;0;0;0;0;0;0;0;0;0;0;0;0;0;0;0;470;0;0;0;0;0;0;0;0;0;0;0;0;0;0;0;0;0;0;0;0;0;0;0;0;673;860;0;0;0;0;0;0;0;0;0;0;0;0;0;692;1210;0;0;0;0;0;0;0;0;0;0;0;0;0;0;0;0;0;0;0;0;0;0;0;0;0;0;0;0;0;0;0;0;0;0;0;0;0;0;0;0;0;0;0;0;0;0;0;0;0;0;0;0;0;0;0;0;0;0;0;0;544;755;758;0;0;0;0;0;0;0;0;0;0;0;0;0;0;0;0;0;0;0;0;0;0;0;0;0;568;395;0;13193;587;393;1655;0;0;0;0;0;0;0;0;0;0;0;0;0;0;0;0;0;0;0;0;0;0;0;0;0;0;0;0;0;0;0;0;0;0;653;375;940;0;0;0;0;0;0;0;0;0;0;0;0;0;0;0;0;0;0;0;0;0;0;0;0;0;0;0;0;0;0;0;0;0;0;0;0;0;0;0;0;0;0;0;0;0;0;342;415;533;0;0;0;0;0;0;0;0;0;0;0;0;0;0;0;0;0;0;0;0;0;0;0;0;0;0;0;0;0;0;0;0;0;0;0;0;0;0;0;0;0;0;0;0;0;0;0;0;0;0;0;0;0;0;0;0;0;0;0;0;0;0;0;0;0;0;0;0;0;0;0;0;0;0;0;0;0;0;0;0;0;0;0;0;0;0;0;0;0;0;0;0;0;0;0;0;0;0;0;0;0;0;0;0;0;0;0;0;0;0;0;0;18728;0;0;0;0;0;0;0;0;0;0;0;0;0;0;0;0;0;0;0;0;0;0;0;0;0;0;0;0;0;0;0;0;0;0;0;0;0;0;0;0;0;0;0;0;0;0;0;0;0;0;0;0;0;0;0;0;0;0;0;0;0;0;0;0;0;0;0;0;0;0;0;0;0;0;0;0;0;0;0;0;0;0;0;0;0;0;0;0;0;0;0;0;0;0;0;0;0;0;0;0;0;0;0;0;0;0;0;0;0;0;0;0;0;0;0;0;0;0;0;0;0
Wb2;6522;0;0;0;0;0;0;0;0;0;0;0;0;0;0;0;0;0;0;0;0;0;0;0;0;0;0;0;0;0;0;0;0;0;0;0;0;0;0;0;0;0;0;0;0;0;0;0;0;0;0;0;0;0;0;0;0;0;0;0;0;0;0;0;0;0;0;0;0;0;0;0;0;0;0;0;0;0;0;0;0;0;0;0;0;0;0;0;0;0;0;0;0;0;0;0;0;0;0;0;0;0;0;0;0;0;0;0;0;0;0;0;260062;0;0;0;0;0;0;0;0;0;0;0;0;5403;0;0;0;0;0;0;0;0;0;0;0;0;0;0;0;0;0;0;0;0;0;0;0;0;0;0;21178;1833;1230;0;0;0;0;0;0;0;0;0;0;0;1709;2147;0;0;0;0;0;0;0;0;0;0;0;0;0;0;0;0;0;0;0;0;0;0;0;3507;0;0;0;0;0;0;0;0;0;0;0;0;0;0;0;0;0;0;0;0;0;0;3673;1128;461;0;0;0;0;0;0;0;0;0;0;0;0;0;0;0;0;0;0;0;0;0;0;0;0;0;0;0;0;0;0;0;0;0;0;0;0;0;0;0;0;0;0;0;0;0;0;0;0;0;0;0;0;0;0;0;0;0;487;0;0;0;0;0;0;0;0;0;0;0;0;0;0;0;0;0;0;0;0;0;0;0;0;0;0;0;0;0;0;0;0;0;1196;566;0;0;0;0;0;0;0;0;0;0;0;0;0;0;0;0;0;0;0;0;0;0;0;0;3491;0;0;0;0;0;0;0;0;0;0;0;0;0;0;0;0;0;0;0;0;0;0;0;0;0;2975;0;0;0;0;0;0;0;0;0;0;0;0;0;0;0;0;0;0;0;0;0;0;0;0;0;0;0;0;0;0;0;0;0;0;0;0;0;1037;0;1019;0;0;0;0;0;0;0;0;0;0;0;0;0;0;0;0;0;0;0;0;0;0;0;0;0;0;0;0;0;0;0;0;0;0;0;1588;839;1245;0;0;428;0;0;2338;1771;1078;531;0;0;0;0;0;0;0;0;0;0;0;0;0;0;0;0;0;0;0;0;0;0;0;0;0;0;0;0;0;0;0;0;0;0;0;0;0;0;0;0;0;0;0;0;0;0;0;0;0;0;0;0;0;0;0;0;0;0;0;0;0;0;0;0;0;0;0;0;0;0;0;0;0;0;0;0;0;0;0;0;16297;1612;878;451;0;0;0;0;0;0;0;0;0;0;0;0;0;0;0;0;0;0;0;0;0;0;0;0;0;0;0;0;0;0;0;0;0;0;0;0;0;0;0;0;0;0;0;0;0;0;0;0;0;0;0;0;0;0;0;0;0;0;0;0;0;0;0;0;0;0;0;0;0;0;0;0;0;0;0;0;0;0;0;0;0;0;0;0;0;0;0;0;0;0;0;0;0;0;0;0;0;0;0;0;0;0;0;0;0;0;0;0;0;0;0;0;0;0;0;0;0;0;0;0;0;0;0;0;0;0;0;0;0;0;0;0;0;0;0;0;0;0;0;0;0;0;0;0;0;0;0;0;0;0;0;0;0;0;0;0;0;0;0
Wb3;7206;0;0;0;0;0;0;0;0;0;0;0;0;0;0;0;0;0;0;0;0;0;0;0;0;0;0;0;0;0;0;0;0;0;0;0;0;0;0;0;0;0;0;0;0;0;0;0;0;0;0;0;0;0;0;0;0;0;0;0;0;0;0;0;0;0;0;0;0;0;0;0;0;0;0;0;0;0;0;0;0;0;0;0;0;0;0;0;0;0;0;0;0;0;0;0;0;0;0;0;0;0;0;0;0;0;0;0;0;0;0;0;119370;0;0;0;0;0;0;0;0;0;0;0;0;9135;0;0;0;0;0;0;0;0;0;0;0;0;0;0;0;0;0;0;0;0;0;0;0;0;0;0;10638;1402;5946;0;0;0;0;0;0;0;0;0;0;0;1544;2094;1727;0;0;0;0;0;0;0;0;0;0;0;0;0;0;0;0;0;0;0;0;0;0;3313;0;314;0;0;0;0;0;0;0;0;0;0;0;0;0;0;0;0;0;0;0;0;36981;337;0;420;0;0;0;0;0;0;0;0;0;0;0;0;0;0;0;0;1038;0;0;0;0;0;0;0;0;0;0;0;0;0;0;0;0;0;0;0;0;0;0;0;0;360;327;0;0;0;0;0;0;0;0;0;0;0;0;0;363;544;0;0;0;0;0;0;0;0;0;0;0;0;0;0;0;0;0;0;0;0;0;0;0;0;0;0;0;0;0;0;0;0;811;307;1058;0;0;0;0;0;0;0;0;0;0;0;0;0;0;0;0;0;0;0;0;0;640;310;666;573;362;294;0;0;0;0;0;0;0;0;0;0;0;0;0;0;0;0;0;0;0;0;0;523;0;1237;599;0;0;0;0;0;0;0;0;0;0;0;0;0;0;0;0;0;0;0;0;0;0;0;0;0;0;0;0;0;0;0;0;0;0;0;727;0;0;493;0;0;0;0;0;0;0;0;0;0;0;0;0;0;0;0;0;0;0;0;0;0;0;0;0;0;0;0;0;0;0;0;0;0;0;0;0;0;0;0;0;0;0;0;377;274;494;523;321;288;0;0;0;0;0;0;0;0;0;0;0;0;0;0;0;0;0;0;0;0;0;0;0;0;0;0;0;0;0;0;0;0;0;0;0;0;0;0;0;0;0;0;0;0;0;0;0;0;0;0;0;0;0;0;0;0;0;0;0;0;0;0;0;0;0;0;0;0;0;0;0;0;0;0;0;0;0;0;0;0;975;656;722;660;693;463;592;486;462;379;354;298;296;284;276;298;341;234;258;0;0;0;0;0;0;0;0;0;0;0;0;0;0;0;0;0;0;0;0;0;0;0;0;0;0;0;0;0;0;0;0;0;0;0;0;0;0;0;0;0;0;0;0;0;0;0;0;0;0;0;0;0;0;0;0;0;0;0;0;0;0;0;0;0;0;0;0;0;0;0;0;0;0;0;0;0;0;0;0;0;0;0;0;0;0;0;0;0;0;0;0;0;0;0;0;0;0;0;0;0;0;0;0;0;0;0;0;0;0;0;0;0;0;0;0;0;0;0;0;0;0;0;0;0;0;0;0;0;0;0;0;0;0;0;0;0;0;0;0
Wb4;9721;0;0;0;0;0;0;0;0;0;0;0;0;0;0;0;0;0;0;0;0;0;0;0;0;0;0;0;0;0;0;0;0;0;0;0;0;0;0;0;0;0;0;0;0;0;0;0;0;0;0;0;0;0;0;0;0;0;0;0;0;0;0;0;0;0;0;0;0;0;0;0;0;0;0;0;0;0;0;0;0;0;0;0;0;0;0;0;0;0;0;0;0;0;0;0;0;0;0;0;0;0;0;0;0;0;0;0;0;0;0;0;109169;0;0;0;0;0;0;0;0;0;0;0;0;1658;0;0;0;0;0;0;0;0;0;0;0;0;0;0;0;0;0;0;0;0;0;0;0;0;0;0;3698;1419;870;0;0;0;0;0;0;0;0;0;0;0;501;519;616;0;0;0;0;0;0;0;0;0;0;0;0;0;0;0;0;0;0;0;0;0;0;1285;0;0;0;0;0;0;0;0;0;0;0;0;0;0;0;0;0;0;0;0;0;0;0;0;0;0;0;0;0;0;0;0;0;0;0;0;0;0;0;0;0;0;0;0;0;0;0;0;0;0;0;0;0;0;0;0;0;0;0;0;0;0;0;0;0;0;0;0;0;0;0;0;0;0;0;0;0;0;0;0;0;0;0;0;0;0;0;0;0;0;0;0;0;0;0;0;0;0;0;0;0;0;0;0;0;0;0;0;0;0;0;0;0;0;0;0;0;0;0;0;0;0;0;0;0;0;0;0;0;0;0;0;0;0;0;0;0;0;0;0;0;0;799;237;0;0;0;0;0;0;0;0;0;0;0;0;0;0;0;0;0;0;0;0;0;0;0;287;0;313;0;0;0;0;0;0;0;0;0;0;0;0;0;0;0;0;0;0;0;0;0;0;0;0;0;0;0;0;0;0;0;0;0;0;0;0;0;0;0;256;102469;0;0;0;0;0;0;0;0;0;0;0;0;0;0;0;0;0;0;0;0;0;0;0;0;0;0;0;0;0;0;0;0;0;0;0;0;0;0;0;0;0;0;0;0;0;0;0;0;0;0;0;0;0;0;0;0;0;0;0;0;0;0;0;0;0;0;0;0;0;0;0;0;0;0;0;0;0;0;0;0;0;0;0;0;0;0;0;0;0;0;0;0;0;0;0;0;0;0;0;0;0;0;0;0;0;0;0;0;0;0;0;0;0;0;0;0;0;0;0;0;0;0;0;0;0;0;0;0;0;0;0;0;0;0;0;0;0;0;0;0;0;0;0;0;0;0;0;0;0;0;0;0;0;0;0;0;0;0;0;0;0;0;0;0;0;0;0;0;0;0;0;0;0;0;0;0;0;0;0;0;0;0;0;0;0;0;0;0;0;0;0;0;0;0;0;0;0;0;0;0;0;0;0;0;0;0;0;0;0;0;0;0;0;0;0;0;0;0;0;0;0;0;0;0;0;0;0;0;0;0;0;0;0;0;0;0;0;0;0;0;0;0;0;0;0;0;0;0;0;0;0;0;0;0;0;0;0;0;0;0;0;0;0;0;0;0;0;0;0;0;0;0;0;0;0;0;0;0;0;0;0;0;0;0;0;0;0;0
Wb5;39993;0;0;0;0;0;0;0;0;0;0;0;0;0;0;0;0;0;0;0;0;0;0;0;0;0;0;0;0;0;0;0;0;0;0;0;0;0;0;0;0;0;0;0;0;0;0;0;0;0;0;0;0;0;0;0;0;0;0;0;0;0;0;0;0;0;0;0;0;0;0;0;0;0;0;0;0;0;0;0;0;0;0;0;0;0;0;0;0;0;0;0;0;0;0;0;0;0;0;0;0;0;0;0;0;0;0;0;0;0;0;0;212664;0;0;0;0;0;0;0;0;0;0;0;0;3852;0;0;0;0;0;0;0;0;0;0;0;0;0;0;0;0;0;0;0;0;0;0;0;0;0;0;3838;3040;1419;0;0;0;0;0;0;0;0;0;0;0;391;698;686;0;0;0;0;0;0;0;0;0;0;0;0;0;0;0;0;0;0;0;0;0;0;788;637;1187;0;0;0;0;0;0;0;0;0;0;0;0;0;0;0;0;0;0;0;0;0;0;1207;0;0;0;0;0;0;0;0;0;0;0;0;0;0;0;0;0;368;0;0;0;0;0;0;0;0;0;0;0;0;0;0;0;0;0;0;0;0;0;0;0;0;0;773;0;0;0;0;0;0;0;0;0;0;0;0;0;766;757;0;0;0;0;0;0;0;0;0;0;0;0;0;0;0;0;0;0;0;0;0;0;0;0;0;0;0;0;0;0;0;0;1034;558;0;0;0;0;0;0;0;0;0;0;0;0;0;0;0;0;0;0;0;0;0;0;0;0;393;708;0;0;0;0;0;0;0;0;0;0;0;0;0;0;0;0;0;0;0;0;0;0;0;0;0;0;0;901;442;434;0;0;0;0;0;0;0;0;0;0;0;0;0;0;0;0;0;0;0;0;0;0;0;0;0;0;0;0;0;0;0;0;0;0;56057;346;0;652;0;0;0;0;0;0;0;0;0;0;0;0;0;0;0;0;0;0;0;0;0;0;0;0;0;0;0;0;0;0;0;0;0;0;0;0;0;0;0;0;0;0;0;0;0;0;0;0;656;0;0;0;0;0;0;0;0;0;0;0;0;0;0;0;0;0;0;0;0;0;0;0;0;0;0;0;0;0;0;0;0;0;0;0;0;0;0;0;0;0;0;0;0;0;0;0;0;0;0;0;0;0;0;0;0;0;0;0;0;0;0;0;0;0;0;0;0;0;0;0;0;0;0;0;0;0;0;0;0;0;0;0;0;0;0;0;0;0;0;0;0;0;0;0;0;0;0;0;0;0;0;0;0;0;0;0;0;0;0;0;0;0;0;0;0;0;0;0;0;0;0;0;0;0;0;0;0;0;0;0;0;0;0;0;0;0;0;0;0;0;0;0;0;0;0;0;0;0;0;0;0;0;0;0;0;0;0;0;0;0;0;0;0;0;0;0;0;0;0;0;0;0;0;0;0;0;0;0;0;0;0;0;0;0;0;0;0;0;0;0;0;0;0;0;0;0;0;0;0;0;0;0;0;0;0;0;0;0;0;0;0;0;0;0;0;0;0;0;0;0;0;0;0;0;0;0;0;0;0;0;0;0;0;0;0;0;0
Wb6;7568;0;0;0;0;0;0;0;0;0;0;0;0;0;0;0;0;0;0;0;0;0;0;0;0;0;0;0;0;0;0;0;0;0;0;0;0;0;0;0;0;0;0;0;0;0;0;0;0;0;0;0;0;0;0;0;0;0;0;0;0;0;0;0;0;0;0;0;0;0;0;0;0;0;0;0;0;0;0;0;0;0;0;0;0;0;0;0;0;0;0;0;0;0;0;0;0;0;0;0;0;0;0;0;0;0;0;0;0;0;0;0;30025;0;0;0;0;0;0;0;0;0;0;0;0;974;0;0;0;0;0;0;0;0;0;0;0;0;0;0;0;0;0;0;0;0;0;0;0;0;0;0;1223;1273;574;0;0;0;0;0;0;0;0;0;0;0;247;259;403;0;0;0;0;0;0;0;0;0;0;0;0;0;0;0;0;0;0;0;0;0;0;299;0;264;0;0;0;0;0;0;0;0;0;0;0;0;0;0;0;0;0;0;0;0;11035;0;230;0;0;0;0;0;0;0;0;0;0;0;0;0;0;0;0;0;128;0;0;0;0;0;0;0;0;0;0;0;0;0;0;0;0;0;0;0;0;0;0;0;0;0;147;0;0;0;0;0;0;0;0;0;0;0;0;0;0;166;0;0;0;0;0;0;0;0;0;0;0;0;0;0;0;0;0;0;0;0;0;0;0;0;0;0;0;0;0;0;0;0;207;118;100;0;0;0;0;0;0;0;0;0;0;0;0;0;0;0;0;0;0;0;0;0;292;120;0;189;190;0;122;0;0;0;0;0;0;0;0;0;0;0;0;0;0;0;0;0;0;0;0;89;11797;202;0;202;0;0;118;0;0;0;0;0;0;0;0;0;0;0;0;0;0;0;0;0;0;0;0;0;0;0;0;0;0;0;0;0;0;7433;0;0;0;0;0;0;0;0;0;0;0;0;0;0;0;0;0;0;0;0;0;0;0;0;0;0;0;0;0;0;0;0;0;0;0;0;0;0;0;0;0;0;0;0;0;0;0;0;0;0;0;175;0;0;0;0;0;0;0;0;0;0;0;0;0;0;0;0;0;0;0;0;0;0;0;0;0;0;0;0;0;0;0;0;0;0;0;0;0;0;0;0;0;0;0;0;0;0;0;0;0;0;0;0;0;0;0;0;0;0;0;0;0;0;0;0;0;0;0;0;0;0;0;0;0;0;0;0;0;0;0;0;0;0;0;0;0;0;0;0;0;0;0;0;0;0;0;0;0;0;0;0;0;7525;0;0;0;0;0;0;0;0;0;0;0;0;0;0;0;0;0;0;0;0;0;0;0;0;0;0;0;0;0;0;0;0;0;0;0;0;0;0;0;0;0;0;0;0;0;0;0;0;0;0;0;0;0;0;0;0;0;0;0;0;0;0;0;0;0;0;0;0;0;0;0;0;0;0;0;0;0;0;0;0;0;0;0;0;0;0;0;0;0;0;0;0;0;0;0;0;0;0;0;0;0;0;0;0;0;0;0;0;0;0;0;0;0;0;0;0;0;0;0;0;0;0;0;0;0;0;0;0;0;0;0;0;0;0;0;0;0;0;0
Wb7;19282;0;0;0;0;0;0;0;0;0;0;0;0;0;0;0;0;0;0;0;0;0;0;0;0;0;0;0;0;0;0;0;0;0;0;0;0;0;0;0;0;0;0;0;0;0;0;0;0;0;0;0;0;0;0;0;0;0;0;0;0;0;0;0;0;0;0;0;0;0;0;0;0;0;0;0;0;0;0;0;0;0;0;0;0;0;0;0;0;0;0;0;0;0;0;0;0;0;0;0;0;0;0;0;0;0;0;0;0;0;0;0;170630;0;0;0;0;0;0;0;0;0;0;0;0;1082;0;0;0;0;0;0;0;0;0;0;0;0;0;0;0;0;0;0;0;0;0;0;0;0;0;0;855;2647;456;0;0;0;0;0;0;0;0;0;0;0;0;0;530;0;0;0;0;0;0;0;0;0;0;0;0;0;0;0;0;0;0;0;0;0;0;0;1923;479;0;0;0;0;0;0;0;0;0;0;0;0;0;0;0;0;0;0;0;0;0;0;1257;0;0;0;0;0;0;0;0;0;0;0;0;0;0;0;0;0;0;0;0;0;0;0;0;0;0;0;0;0;0;0;0;0;0;0;0;0;0;0;0;0;0;0;0;0;0;0;0;0;0;0;0;0;0;0;0;0;668;0;0;0;0;0;0;0;0;0;0;0;0;0;0;0;0;0;0;0;0;0;0;0;0;0;0;0;0;0;0;0;0;0;0;0;0;0;0;0;0;0;0;0;0;0;0;0;0;0;0;0;0;0;0;0;0;0;0;0;0;0;0;0;0;0;0;0;0;0;0;0;0;0;0;0;0;0;0;0;0;0;0;0;0;0;5071;0;0;0;0;0;0;73341;0;0;0;0;0;0;0;0;0;0;0;0;0;0;0;0;0;0;0;0;0;0;0;0;0;0;0;0;0;0;0;0;10855;0;0;0;0;0;0;0;0;0;0;0;0;0;0;0;0;0;0;0;0;0;0;0;0;0;0;0;0;0;0;0;0;0;0;0;0;0;0;0;0;0;0;0;0;0;0;0;0;0;0;0;0;421;0;0;0;0;0;0;0;0;0;0;0;0;0;0;0;0;0;0;0;0;0;0;0;0;0;0;0;0;0;0;0;0;0;0;0;0;0;0;0;0;0;0;0;0;0;0;0;0;0;0;0;0;0;0;0;0;0;0;0;0;0;0;0;0;0;0;0;0;0;0;0;0;0;0;0;0;0;0;0;0;0;0;0;0;0;0;0;0;0;0;0;0;0;0;0;0;0;0;3014;0;0;0;0;0;0;0;0;0;0;0;0;0;0;0;0;0;0;0;0;0;0;0;0;0;0;0;0;0;0;0;0;0;0;0;0;0;0;0;0;0;0;0;0;0;0;0;0;0;0;0;0;0;0;0;0;0;0;0;0;0;0;0;0;0;0;0;0;0;0;0;0;0;0;0;0;0;0;0;0;0;0;0;0;0;0;0;0;0;0;0;0;0;0;0;0;0;0;0;0;0;0;0;0;0;0;0;0;0;0;0;0;0;0;0;0;0;0;0;0;0;0;0;0;0;0;0;0;0;0;0;0;0;0;0;0;0;0
Wb8;66197;0;0;0;0;0;0;0;0;0;0;0;0;0;0;0;0;0;0;0;0;0;0;0;0;0;0;0;0;0;0;0;0;0;0;0;0;0;0;0;0;0;0;0;0;0;0;0;0;0;0;0;0;0;0;0;0;0;0;0;0;0;0;0;0;0;0;0;0;0;0;0;0;0;0;0;0;0;0;0;0;0;0;0;0;0;0;0;0;0;0;0;0;0;0;0;0;0;0;0;0;0;0;0;0;0;0;0;0;0;0;0;60115;0;0;0;0;0;0;0;0;0;0;0;0;0;0;0;0;0;0;0;0;0;0;0;0;0;0;0;0;0;0;0;0;0;0;0;0;0;0;0;0;5266;0;0;0;0;0;0;0;0;0;0;0;0;0;0;0;0;0;0;0;0;0;0;0;0;0;0;0;0;0;0;0;0;0;0;0;0;0;0;1420;0;0;0;0;0;0;0;0;0;0;0;0;0;0;0;0;0;0;0;0;0;31467;0;1763;0;0;0;0;0;0;0;0;0;0;0;0;0;0;0;0;0;0;0;0;0;0;0;0;0;0;0;0;0;0;0;0;0;0;0;0;0;0;0;0;0;0;0;0;0;0;0;0;0;0;0;0;0;0;0;0;0;0;0;0;0;0;0;0;0;0;0;0;0;0;0;0;0;0;0;0;0;0;0;0;0;0;0;0;0;0;0;0;0;0;0;0;0;0;0;0;0;0;0;0;0;0;0;0;0;0;0;0;0;0;0;0;0;0;0;512;232;0;0;0;0;0;0;0;0;0;0;0;0;0;0;0;0;0;0;0;0;0;0;0;0;0;0;0;0;0;0;0;0;4094;0;0;0;0;0;0;0;0;0;0;0;0;0;0;0;0;0;0;0;0;0;0;0;0;0;0;0;0;0;0;0;0;270;0;0;0;0;0;0;0;0;0;0;0;0;0;0;0;0;0;0;0;0;0;0;0;0;0;0;0;0;0;0;0;0;0;0;0;0;0;0;0;0;568;0;0;0;0;0;0;0;0;0;0;0;0;0;0;0;0;0;0;0;0;0;0;0;0;0;0;0;0;0;0;0;0;0;0;0;0;0;0;0;0;0;0;0;0;0;0;0;0;0;0;0;0;0;0;0;0;0;0;0;0;0;0;0;0;0;0;0;0;0;0;0;0;0;0;0;0;0;0;0;0;0;0;0;0;0;0;0;0;0;0;0;0;0;0;0;0;0;0;0;0;0;0;0;0;0;0;0;0;0;0;0;0;1931;339;291;250;240;0;0;0;0;0;0;0;0;0;0;0;0;0;0;0;0;0;0;0;0;0;0;0;0;0;0;0;0;0;0;0;0;0;0;0;0;0;0;0;0;0;0;0;0;0;0;0;0;0;0;0;0;0;0;0;0;0;0;0;0;0;0;0;0;0;0;0;0;0;0;0;0;0;0;0;0;0;0;0;0;0;0;0;0;0;0;0;0;0;0;0;0;0;0;0;0;0;0;0;0;0;0;0;0;0;0;0;0;0;0;0;0;0;0;0;0;0;0;0;0;0;0;0;0;0;0;0;0;0;0;0;0;0
Wb9;42228;0;0;0;0;0;0;0;0;0;0;0;0;0;0;0;0;0;0;0;0;0;0;0;0;0;0;0;0;0;0;0;0;0;0;0;0;0;0;0;0;0;0;0;0;0;0;0;0;0;0;0;0;0;0;0;0;0;0;0;0;0;0;0;0;0;0;0;0;0;0;0;0;0;0;0;0;0;0;0;0;0;0;0;0;0;0;0;0;0;0;0;0;0;0;0;0;0;0;0;0;0;0;0;0;0;0;0;0;0;0;0;129299;0;0;0;0;0;0;0;0;0;0;0;0;3986;0;0;0;0;0;0;0;0;0;0;0;0;0;0;0;0;0;0;0;0;0;0;0;0;0;0;3304;4608;1855;0;0;0;0;0;0;0;0;0;0;0;731;820;1053;0;0;0;0;0;0;0;0;0;0;0;0;0;0;0;0;0;0;0;0;0;0;893;557;2098;0;0;0;0;0;0;0;0;0;0;0;0;0;0;0;0;0;0;0;0;43374;734;0;734;0;0;0;0;0;0;0;0;0;0;0;0;0;0;0;0;502;0;0;0;0;0;0;0;0;0;0;0;0;0;0;0;0;0;0;0;0;0;0;0;0;640;807;0;0;0;0;0;0;0;0;0;0;0;0;0;0;1492;0;0;0;0;0;0;0;0;0;0;0;0;0;0;0;0;0;0;0;0;0;0;0;0;0;0;0;0;0;0;0;0;563;695;522;0;0;0;0;0;0;0;0;0;0;0;0;0;0;0;0;0;0;0;0;0;0;0;0;648;995;0;732;0;0;0;0;0;0;0;0;0;0;0;0;0;0;0;0;0;0;0;0;0;0;642;400;0;945;564;0;83149;692;347;0;0;0;0;0;0;0;0;0;0;0;0;0;0;0;0;0;0;0;0;0;0;0;0;0;0;0;0;0;0;0;0;0;740;0;0;0;0;0;0;0;0;0;0;0;0;0;0;0;0;0;0;0;0;0;0;0;0;0;0;0;0;0;0;0;0;0;0;0;0;0;0;0;0;0;379;0;0;523;0;347;0;0;0;0;0;0;0;0;0;0;0;0;0;0;0;0;0;0;0;0;0;0;0;0;0;0;0;0;0;0;0;0;0;0;0;0;0;0;0;0;0;0;0;0;0;0;0;0;0;0;0;0;0;0;0;0;0;0;0;0;0;0;0;0;0;0;0;0;0;0;0;0;0;0;0;0;0;0;0;0;0;0;0;0;0;0;0;0;0;0;0;0;0;0;0;0;0;0;0;0;0;0;0;0;0;0;0;0;0;0;0;0;0;0;0;0;0;0;0;0;0;0;0;0;0;0;0;0;0;0;0;0;0;0;0;0;0;0;0;0;0;0;0;0;0;0;0;0;0;0;0;0;0;0;0;0;0;0;0;0;0;0;0;0;0;0;0;0;0;0;0;0;0;0;0;0;0;0;0;0;0;0;0;0;0;0;0;0;0;0;0;0;0;0;0;0;0;0;0;0;0;0;0;0;0;0;0;0;0;0;0;0;0;0;0;0;0;0;0;0;0;0;0;0;0;0;0;0;0;0;0;0;0;0;0;0;0;0;0;0