"","Gb1","Gb2","Gb3","Gb4","Gb5","Gb6","Gb7","Gb8","Gb9","Gb10","Gb11","Gb12","Gb13","Gb14","shallow_mean","deep_mean","ttest_pval","XOTU","inc_dec_estimate","inc_dec_p_val","classification"
"X1969004",1,0.424933485366781,0.868807804383631,0.331432915241353,0.17407829722539,0.111807931078171,0.338971240339541,0.916825034840998,0.480172304573673,0.152350183707082,0.376852907639681,0.186367667553528,0.110160902065121,0.204358292157608,0.479937919675662,0.219434942353985,0.159057883217304,"X1969004",-0.477822517657686,0.0839802801137589,"dec.trend"
"X196900135",0.398410556305293,0.282029860977229,0.816442816442816,1,0.221386800334169,0.274489642910696,0.478953794743268,0.381273697063171,0.985797827903091,0.640811430285114,0.368549579075895,0.319388214125056,0.334425808110019,0.646488014909067,0.547959642696485,0.417212904055009,0.423904304300096,"X196900135",-0.119400219129458,0.684329752422801,"dec.trend"
"X196900136",0.146360094721564,0.573829348407303,1,0.0815827667863418,0.0256664884271637,0.136353219769307,0.11007562447483,0.535940722633871,0.268199526392178,0.153540600412497,0.428156748911466,0.0364372469635627,0.164464135665725,0.172561301657627,0.303154839202506,0.200404858299595,0.545080151597198,"X196900136",-0.243934871458411,0.400666977226284,"dec.trend"
"X196900143",0.416660242078483,0.229511988281551,0.397425025055894,0.397656310230514,0.121964382083108,0.171536504510061,0.355138385629481,0.596985583224115,1,0.502968159740961,0.270873487009483,0.456980957520623,0.375761313699792,0.65854598720222,0.418984658083417,0.440540436358029,0.877961954247228,"X196900143",0.244946490197592,0.398654532921502,"inc.trend"
"X196900145",1,0.228971962616822,0.311248331108144,0.358311081441923,0.21562082777036,0.51718958611482,0.694926568758344,0.55390520694259,0.91154873164219,0.970126835781041,0.16805740987984,0.74148865153538,0.122997329773031,0.600300400534045,0.576184913217624,0.408210947930574,0.371132559792664,"X196900145",-0.109783216228665,0.708697468265441,"dec.trend"
"X196900148",0.338997779279714,0.14347784107367,0.355894564062953,0.240417109201506,0.155740079173506,0.139326059669789,0.226706575263107,0.350680699044125,0.686299121367191,0.256348363425702,0.462682243893019,0.384474268610602,0.668726465192623,1,0.289388819156126,0.628970744424061,0.0128585358359585,"X196900148",0.738640711610161,0.00254934805997658,"increasing"
"X196900154",0.577007700770077,0.238998899889989,0.267326732673267,0.193894389438944,0.127337733773377,0.168866886688669,0.32975797579758,0.33993399339934,1,0.436468646864686,0.346259625962596,0.157040704070407,0.400990099009901,0.156215621562156,0.367959295929593,0.265126512651265,0.470633997088327,"X196900154",-0.090979210159617,0.757080457684106,"dec.trend"
"X196900157",0.465598650927487,0.207419898819562,0.278920741989882,0.373524451939292,0.0924114671163575,0.0844856661045531,0.657504215851602,0.348060708263069,1,0.212816188870152,0.48566610455312,0.215682967959528,0.34283305227656,0.441483979763912,0.372074198988196,0.37141652613828,0.996525580822716,"X196900157",0.109813002262232,0.708621581086503,"inc.trend"
"X196900160",0.291219778222141,0.23423013997455,0.479367387747682,0.706053444828213,0.068169423741138,0.270496273404836,0.223595709870933,0.204780948918378,0.226867842210507,0.286947827667697,0.299581894201054,0.089438283948373,1,0.167424104708235,0.299172877658608,0.389111070714416,0.56611859801981,"X196900160",0.120371862750299,0.681883147628467,"inc.trend"
"X196900162",0.642974004726413,0.43392110525359,0.161243410289038,0.112161425195419,0.267042355935284,0.180512634066533,0.4684602799491,0.694782766769678,1,0.263043083075804,0.0607162334121069,0.0527176876931467,0.297582257771314,0.326122523177604,0.422414106526086,0.184284675513543,0.144237679581456,"X196900162",-0.267512438858331,0.355159124917059,"dec.trend"
"X196900164",0.75755673154543,0.191766077675128,0.427571979549735,0.415911740963315,0.248004305318863,0.152569737196161,0.34693694501749,0.450713068436631,0.737644631805543,0.246479504888331,0.615301820791102,0.542649564983407,0.72114090949861,1,0.397515472239663,0.71977307381828,0.0225477575607158,"X196900164",0.609579164221013,0.0206467796296525,"increasing"
"X196900168",0.49980705410203,0.290344987265571,0.663270818862391,0.140078721926372,0.164158369993054,0.189627228525122,0.298757428417072,0.563942270587327,1,0.374778112217334,0.715829281469476,0.21262637956317,0.748244192328471,0.190244655398626,0.418476499189627,0.466736127189936,0.775143002059206,"X196900168",0.13359713791524,0.648878923912593,"inc.trend"
"X196900171",0.222967674479394,0.128953559292498,0.309662803868607,0.71987453167204,0.146902500653481,0.246492985971944,1,0.663152391740002,0.846214167465365,0.554587435741047,0.165287095930992,0.032412651389736,0.0674392262786443,0.235253114925503,0.483880805088438,0.125098022131219,0.0479911936009837,"X196900171",-0.323797543606688,0.25875093661618,"dec.trend"
"X196900178",0.508360477741585,0.333767643865364,0.589359391965255,0.312920738327904,0.266666666666667,0.305103148751357,0.408469055374593,0.623452768729642,1,0.387404994571118,0.3085776330076,0.684256243213898,0.695982627578719,0.588056460369164,0.473550488599349,0.569218241042345,0.460606434004527,"X196900178",0.327778650230828,0.252601298302448,"inc.trend"
"X196900179",0.390249050232165,0.334107218235542,0.782081046855213,0.968446601941748,0.18910932883073,0.293689320388349,0.435310257492613,0.519734065006332,1,0.306247361756015,0.216758125791473,0.190692275221613,0.320493879273955,0.163676656817222,0.521897425073871,0.222905234276066,0.0706953090238801,"X196900179",-0.447771948281316,0.108369792447253,"dec.trend"
"X196900199",0.382600195503421,0.432453567937439,0.434604105571848,0.565200391006843,0.526099706744868,0.204496578690127,0.577908113391984,0.505767350928641,1,0.701270772238514,0.93900293255132,0.709286412512219,0.788269794721408,0.971847507331378,0.533040078201369,0.852101661779081,0.0162077413138121,"X196900199",0.755805714461888,0.0017665246446008,"increasing"
"X196900215",0.882405544377375,0.205902079141516,0.953051643192488,0.579476861167002,0.131678962664878,0.358148893360161,1,0.27364185110664,0.629778672032193,0.666890230270512,0.150905432595573,0.0505253744690364,0.204560697518444,0.147328414934049,0.568097473731277,0.138329979879276,0.0217695432350076,"X196900215",-0.561825849336699,0.0365379591872884,"decreasing"
"X196900224",0.344548286604361,0.250467289719626,0.431464174454829,1,0.214953271028037,0.150155763239875,0.242056074766355,0.34392523364486,0.644236760124611,0.314018691588785,0.111526479750779,0.165109034267913,0.541744548286604,0.245171339563863,0.393582554517134,0.26588785046729,0.385199371883996,"X196900224",-0.216316299670193,0.457612637733617,"dec.trend"
"X196900235",0.509153318077803,0.326468344774981,0.829328756674294,0.333714721586575,0.199656750572082,0.194317315026697,0.519832189168574,0.322845156369184,1,0.422387490465294,0.264111365369947,0.165903890160183,0.307017543859649,0.322654462242563,0.465770404271548,0.264921815408085,0.167561872105679,"X196900235",-0.299564293027307,0.298104005089367,"dec.trend"
"X196900250",0.494583948793698,0.251846381093058,1,0.264401772525849,0.137863121614968,0.226243229935992,0.249630723781388,0.3397341211226,0.733382570162482,0.322008862629247,0.270556376169375,0.13096996553422,0.187346134908912,0.360905957656327,0.401969473165928,0.237444608567208,0.265995839316476,"X196900250",-0.302208089732005,0.293650961328735,"dec.trend"
"X196900138",0.0210818852988238,0.031243859304382,0,0.411616090727901,0.144092299918592,0.208685399882099,0.0305982090222609,0.148078488616905,1,0.0949386632231985,0.300339668191899,0.210060915700531,0.947028605114673,0.723296746484013,0.209033489599416,0.545181483872779,0.0970112354041448,"X196900138",0.575873017635278,0.0311517602685192,"increasing"
"X196900155",0.254376485843959,0.748433110006484,0.2645342554571,0,0.0816944024205749,0.301275124270586,0.0987681002809596,0.370650529500756,1,0.129025286362654,0.186081694402421,0.11670628917225,0.14242489734169,0.0907715582450832,0.324875729414307,0.133996109790361,0.262974262814541,"X196900155",-0.278971492307986,0.33411471071595,"dec.trend"
"X196900156",0.0783868715083799,0.202164804469274,0.587814245810056,0.145425977653631,0.200069832402235,0,0.218924581005587,0.508030726256983,1,0.135474860335196,0.633379888268156,0.556913407821229,0.578736033519553,0.792597765363129,0.307629189944134,0.640406773743017,0.0581389155036654,"X196900156",0.601467873671,0.0228846783113648,"increasing"
"X196900176",0.882814543552184,0.294009939837824,0.75568924928067,0.890400209259744,0.269683494637719,0.362804080565001,0.528642427413026,0.470572848548261,1,0.328276222861627,0.191472665445985,0.21344493852995,0.280408056500131,0,0.578289301595606,0.171331415119016,0.0170747599746196,"X196900176",-0.634484937527023,0.0147974537074428,"decreasing"
"X196900185",0.319572953736655,0.29862735129639,0.344585663446873,1,0.238027452974072,0.282257244534825,0.453787493645145,0.446568378240976,0.820742247076767,0.170208439247585,0.0758515505846467,0.115200813421454,0.212099644128114,0.0828673106253177,0.437437722419929,0.121504829689883,0.0409361062679754,"X196900185",-0.497210976478886,0.0704633661782929,"dec.trend"
"X196900189",0.738263950398583,0.246899911426041,0.24844995571302,0.703941541186891,0.275686448184234,0.0797165633303809,0.675376439326838,0.308015943312666,1,0.660540301151461,0.214127546501329,0.201505757307352,0.177590788308237,0.379982285208149,0.493689105403012,0.243301594331267,0.131665356387751,"X196900189",-0.283478792000312,0.326033059472185,"dec.trend"
"X196900198",0.669789762340037,0.455895795246801,0.747029250457038,0.661106032906764,0.323354661791591,0.109689213893967,0.493829981718464,0.739716636197441,1,0.53290676416819,0.449497257769653,0,0.627970749542962,0.850319926873857,0.573331809872029,0.481946983546618,0.592394177643766,"X196900198",-0.0304940156682006,0.91757953795611,"dec.trend"
"X196900214",0.481783397105307,0.377308268175012,1,0.285476626185327,0.196972217601065,0.211778406255199,0.299950091498919,0.451838296456496,0.811512227582765,0.436200299451006,0.409748793877891,0.18782232573615,0.346697720845117,0.571452337381467,0.45528198303111,0.378930294460156,0.599049580008612,"X196900214",-0.101572079629866,0.729710968542598,"dec.trend"
"X196900219",0.315105333930973,0.285073957866428,0.456745853877185,0.651277454056477,0.121470192738682,0.125952487673689,0.403854773644106,0.397579560735096,1,0.211116091438817,0.289108023307934,0.343792021515016,0.40699238009861,0.266248319139399,0.396817570596145,0.32653518601524,0.61816010228299,"X196900219",-0.0678114799483824,0.817831329557347,"dec.trend"
"X196900221",0.776924673168707,0.32185100643287,0.7688317078232,0.951442207926956,0.321435982568998,0.246939199003943,0.507781697447603,0.389499896244034,1,0.697032579373314,0.0776094625440963,0.197343847271218,0.288234073459224,0.633948952064744,0.598173894998962,0.299284083834821,0.0830434000319284,"X196900221",-0.375566474755246,0.185736018290097,"dec.trend"
"X196900239",0.355134074558535,0.391432308698496,0.544146500981033,0.515369522563767,0.225637671680837,0.219424460431655,0.402877697841727,0.398299542184434,1,0.365598430346632,0.598757357750163,0.0683453237410072,0.445716154349248,0.439175931981687,0.441792020928712,0.387998691955526,0.690326254476033,"X196900239",-0.0187853915736984,0.949177254364931,"dec.trend"
"X196900274",0.733558891943328,0.328187777542821,0.731867202368365,0.208712201311059,0.134489321209558,0.170226263480651,0.581095368999789,0.348699513639247,1,0.32755339395221,0.223514485091986,0.291182068090505,0.635017974201734,0.433918375978008,0.456438993444703,0.395908225840558,0.708123898209381,"X196900274",-0.0505791438938585,0.863662677694423,"dec.trend"
"X196900330",0.809049516220831,0.436539556061468,0.938816163915766,0.33892999430848,0.356573705179283,0.208309618668184,0.536994877632328,0.496869664200342,1,0.522481502561184,0.634035287421742,0.35486624928856,0.433978372225384,0.688389299943085,0.564456459874787,0.527817302219693,0.803311597830508,"X196900330",-0.0369758175508103,0.900133016844497,"dec.trend"
"X196900337",0.319722335647203,0.266537362188648,0.118875051041241,0.19467129440588,0.253879134340547,0.0822274397713352,0.267200898325847,0.312117190690078,0.621376071866068,0.138423846467946,0.412413229889751,0.474326255614537,0.925581870151082,1,0.257503062474479,0.703080338913842,0.00273082890774606,"X196900337",0.793348258026631,0.000708637382364202,"increasing"
"X196900141",0.338425033367937,0.329082010974344,0.830935785258787,0,0.128874388254486,0.0937268278214445,0.216520836422957,0.593059469079045,0.658460625834198,0,0.651638736467448,0.536556428889218,1,0.636660240249147,0.31890849770132,0.706213851401453,0.0321985660860746,"X196900141",0.538406553205731,0.047003018031399,"increasing"
"X196900150",0,0.270748576078112,0.147681041497152,0.714605370219691,0.107811228641172,0.0933685923515053,0.18633034987795,0.441619202603743,0.651952807160293,0,0.282750203417413,1,0.399918633034988,0.1706672091131,0.261411716842962,0.463334011391375,0.261734804541608,"X196900150",0.299448674586321,0.298299634087278,"inc.trend"
"X196900151",0.128060724779628,0.57590597453477,1,0.267629774730656,0,0.352840352595495,0.134671890303624,0.448824681684623,0.277179236043095,0.283545543584721,0.444417238001959,0,0.25,0.145445641527914,0.346865817825661,0.209965719882468,0.39416938200571,"X196900151",-0.308942344191891,0.282484469696271,"dec.trend"
"X196900153",0.432624113475177,1,0.23177304964539,0,0.171063829787234,0.330496453900709,0.396879432624113,0.950354609929078,0.979007092198582,0.120283687943262,0.47886524822695,0.212198581560284,0.968794326241135,0.563120567375887,0.461248226950355,0.555744680851064,0.667629380854625,"X196900153",0.176837019116144,0.545330562769102,"inc.trend"
"X196900159",0.384200056834328,0.529695936345553,0.309178743961353,0,0.152031827223643,0.164251207729469,0.322250639386189,0.703324808184143,1,0.210287013356067,0.234725774367718,0.128161409491333,0.554703040636545,0.109690252912759,0.377522023302074,0.256820119352089,0.475093399029485,"X196900159",-0.102728695543825,0.726739955933916,"dec.trend"
"X196900269",0.100738518347565,0.151973228709901,0.278329102238634,1,0.0887375951996307,0.390145395799677,0.196284329563813,0.356450496192015,0.526886683591046,0.171128548349873,0.186129702284791,0.693745672744057,0.557119778444496,0.749596122778675,0.326067389799215,0.546647819063005,0.192050191977661,"X196900269",0.400025708744733,0.156420478502635,"inc.trend"
"X196900288",0.419180421172453,0.27233921457029,0.465850882185544,0.280022766078543,0.235344336937962,0.205179282868526,0.431701764371087,0.249857712009106,1,0.255549231644849,0.373363688104724,0.387592487194081,0.483779169038133,0.554923164484918,0.381502561183836,0.449914627205464,0.589944662599318,"X196900288",0.25498328946389,0.378976736131335,"inc.trend"
"X196900139",0.367939468590533,0.680802393102235,0.10997712475805,0,0.103642442371987,0.177371106809784,0.217666725321133,0.780749604082351,1,0,0.063346823860637,0.0675699454513461,0.281541439380609,0,0.343814886503607,0.103114552173148,0.217642543423557,"X196900139",-0.28178712181828,0.329053204991841,"dec.trend"
"X196900197",0.431752873563218,0.343390804597701,0.887931034482759,0.785919540229885,0.168103448275862,0,0.305316091954023,0.351293103448276,1,0.489942528735632,0.362787356321839,0.242097701149425,0,0.309626436781609,0.476364942528736,0.228627873563218,0.173142700613291,"X196900197",-0.341796232594207,0.231658749460042,"dec.trend"
"X196900210",0,0.571872571872572,0,0,0.134421134421134,0.183372183372183,0.310800310800311,0.408702408702409,1,0.27972027972028,0.626262626262626,0.34965034965035,0.48018648018648,0.314685314685315,0.288888888888889,0.442696192696193,0.372765152405967,"X196900210",0.372720162093309,0.189361043298293,"inc.trend"
"X196900217",0.208226221079692,0.263067694944302,0,0.565981148243359,0.235646958011997,0.189802913453299,0.716795201371037,0.441730934018852,1,0.350899742930591,0.272493573264781,0.415167095115681,0.656383890317052,0.547557840616967,0.397215081405313,0.47290059982862,0.641598484253625,"X196900217",0.330976855092797,0.247725661915267,"inc.trend"
"X196900242",0.123838271506871,0.0510763364842323,0,0,0.0714115497656684,0.0795932957343713,0.261418698864088,0.141234410993725,1,0.0393994757327826,0.800857891810311,0.502899356581142,0.502978791008023,0.875129080943681,0.176797203908174,0.670466280085789,0.0108434523504918,"X196900242",0.731440270387573,0.00294972535173793,"increasing"
"X196900246",0.532849364791289,0.205444646098004,0.633393829401089,0.28529945553539,0.12486388384755,0.153176043557169,0.216333938294011,0.548820326678766,0.417785843920145,0.16551724137931,0.571687840290381,0.235934664246824,0.860617059891107,1,0.328348457350272,0.667059891107078,0.0313880637253948,"X196900246",0.573079813039671,0.0321724674989201,"increasing"
"X196900280",0.152969894222945,0.363710333604557,0.228641171684296,0.459316517493897,0.438161106590724,0.180634662327095,0.370626525630594,0.524003254678601,1,0.649308380797396,0.740846216436127,0.670056956875509,0.751830756712775,0.974776240846216,0.436737184703011,0.784377542717657,0.0240500509231718,"X196900280",0.768329661116348,0.0013266828343371,"increasing"
"X196900286",1,0.441564914029404,0.780961873909793,0.512334911537503,0.307251432843259,0.280588088711687,0.746573635684027,0.53077498131074,0.959880388736606,0.465736356840269,0.450784948916023,0.224021928731622,0.508597059556442,0.578868676800399,0.602566658360329,0.440568153501121,0.264873297552409,"X196900286",-0.2844890774163,0.324236882699877,"dec.trend"
"X196900344",0.824345146379045,0.570107858243451,0.975346687211094,0.565485362095532,0.306625577812018,0.392912172573189,0.793528505392912,0.870570107858243,0.987673343605547,1,0.912172573189522,0.491525423728814,0.738058551617874,0.973805855161787,0.728659476117103,0.778890600924499,0.734462749742818,"X196900344",0.241109112695114,0.406316322882945,"inc.trend"
"X196900172",0.528330206378987,0.495684803001876,0.874671669793621,0,0.0863039399624766,0.0833020637898687,0.169230769230769,0.515196998123827,0.635647279549719,0.171106941838649,0.825891181988743,0.263789868667917,1,0.738461538461539,0.355947467166979,0.70703564727955,0.0692879726397665,"X196900172",0.451068633952881,0.10548146764874,"inc.trend"
"X196900201",0.821942446043165,0.538129496402878,1,0.642446043165468,0.327697841726619,0.255395683453237,0.313309352517986,0.623381294964029,0.680575539568345,0.421942446043165,0.633453237410072,0.303956834532374,0.687410071942446,0.59568345323741,0.562482014388489,0.555125899280576,0.956678520506044,"X196900201",-0.102752871433617,0.726677892963143,"dec.trend"
"X196900208",0.5263723150358,0.521837708830549,0.646658711217184,0.563245823389022,0.241050119331742,0.263723150357995,0.801193317422434,0.823150357995227,1,0.293675417661098,0.301073985680191,0.114200477326969,0.382816229116945,0.0636038186157518,0.568090692124105,0.215423627684964,0.0258104946969141,"X196900208",-0.507359781938391,0.0640421875945782,"dec.trend"
"X196900218",0.691271551724138,0.457974137931034,0.288793103448276,0.21875,0.21875,0.229525862068966,0.594288793103448,0.677801724137931,1,0.218211206896552,0.567887931034483,0.233836206896552,0.403556034482759,0.515625,0.459536637931034,0.430226293103448,0.844518423865827,"X196900218",0.0223771165883837,0.939474969612593,"inc.trend"
"X196900230",0.456665200175979,0.269687637483502,0.432468103827541,1,0.351077870655521,0.195776506819182,0.446986361636604,0.390673119225693,0.783545974483062,0.620325560932688,0.501979762428509,0.26616805983282,0.194016717993841,0.339639243290805,0.494720633523977,0.325450945886494,0.21966283839931,"X196900230",-0.269376443333749,0.351687492102105,"dec.trend"
"X196900234",0,0.641741988496302,0.449465899753492,0.376335250616269,0.222678718159408,0.166803615447823,0.770747740345111,0.734593262119967,1,0.393590797041906,0,0.275267050123254,0.934264585045193,0,0.475595727198028,0.302382908792112,0.414923700355584,"X196900234",-0.0888453486159089,0.762627132822451,"dec.trend"
"X196900180",0.473581213307241,0.289106327462492,1,0.242009132420091,0.170515329419439,0.228832354859752,0.432485322896282,0.45805609915199,0.89041095890411,0.451402478799739,0.174559686888454,0.0944553163731246,0.0801043705153294,0,0.463639921722113,0.087279843444227,0.0223510951980582,"X196900180",-0.538462643438148,0.0469756059546889,"decreasing"
"X196900181",0.776682134570766,0.48491879350348,0.332366589327146,0.253480278422274,0.322795823665893,0.114559164733179,0.190255220417633,0.808874709976798,1,0.823955916473318,0.458816705336427,0.120069605568445,0.18822505800464,0.375580046403712,0.510788863109049,0.285672853828306,0.204648660376691,"X196900181",-0.219168437875568,0.451556593598556,"dec.trend"
"X196900184",0.746052631578947,0.325,0,0.963815789473684,0,0.175657894736842,0.497368421052632,0.873026315789474,0,1,0.177631578947368,0.394078947368421,0.671052631578947,0.5,0.458092105263158,0.435690789473684,0.920613912079221,"X196900184",0.0520894734908024,0.859627759298876,"inc.trend"
"X196900195",0.287907869481766,0.788867562380038,0,0,0.217530390275112,0.412028150991683,0.608445297504798,0.568777991042866,1,0,0,0.190019193857965,0.36852207293666,0,0.388355726167626,0.139635316698656,0.208720713807833,"X196900195",-0.282889288848706,0.327083720099565,"dec.trend"
"X196900204",0.271505376344086,0.375268817204301,1,0,0.19489247311828,0.169354838709677,0.161021505376344,0.505913978494624,0.562365591397849,0.266666666666667,0.187903225806452,0.184139784946237,0.421774193548387,0.193817204301075,0.350698924731183,0.246908602150538,0.499390774946738,"X196900204",-0.183147875690265,0.530840791616626,"dec.trend"
"X196900209",0.889591234723978,0.289928360724821,0.838179519595449,0.20480404551201,0.16645596291614,0.337968815844922,0.310998735777497,0.601769911504425,1,0.169827222924568,0,0,0.448377581120944,0,0.480952380952381,0.112094395280236,0.0605362120966135,"X196900209",-0.497331319302913,0.0703846462289766,"dec.trend"
"X196900236",0,0,0,0.2360751565762,0.160334029227557,0,0.299540709812109,0.177286012526096,0.390647181628392,0,0.748308977035491,0.655031315240084,0.714572025052192,1,0.126388308977035,0.779478079331942,7.92548807610731e-06,"X196900236",0.928782912159415,1.61353401027305e-06,"increasing"
"X196900237",0.294579732914376,0.599371563236449,0,0,0.377847604084839,0.248232521602514,0.409269442262372,0.804399057344855,1,0.313432835820896,0,0.387274155538099,0.362136684996072,0.432050274941084,0.40471327572663,0.295365278868814,0.542655063235292,"X196900237",0.00226579583508116,0.993866472349263,"inc.trend"
"X196900241",0.6328125,0.237432065217391,1,0,0.114809782608696,0.156589673913043,0.229279891304348,0.375,0.978600543478261,0.277513586956522,0.557744565217391,0.296195652173913,0.658967391304348,0.781589673913043,0.400203804347826,0.573624320652174,0.381354457451975,"X196900241",0.277771271440457,0.336285453114278,"inc.trend"
"X196900249",0,0.260898952348766,0,0,0.101723555255154,0.154782020953025,0.245691111862116,0.434944237918216,1,0.268333896586685,0.325109834403515,0.307874281851977,0.260223048327138,0.253801960121663,0.246637377492396,0.286752281176073,0.799649178012045,"X196900249",0.264531036754549,0.360750710147716,"inc.trend"
"X196900279",0.392209178228388,0.25880469583778,0.402347918890075,0.430629669156884,0.211846318036286,0.120064034151547,0.422091782283885,0.370864461045891,1,0.308431163287086,0.394877267876201,0.273745997865528,0.406616862326574,0.415688367129136,0.391728922091782,0.37273212379936,0.879631955469453,"X196900279",0.0827027098929353,0.778652455791611,"inc.trend"
"X196900289",0.519989121566494,0.324993200979059,1,0.450367147130813,0.256731030731575,0.317106336687517,0.481642643459342,0.344302420451455,0.62714169159641,0.472939896654882,0.282839271144955,0.139243948871363,0.209137884144683,0.205058471580092,0.479521348925755,0.209069893935273,0.0315732509195125,"X196900289",-0.562998384457067,0.036063799592893,"decreasing"
"X196900295",0.545576407506702,0.349195710455764,1,0.153820375335121,0.190013404825737,0.138404825737265,0.295576407506702,0.448391420911528,0.900469168900804,0.313002680965147,0.637734584450402,0.21916890080429,0.574731903485255,0.515750670241287,0.433445040214477,0.486846514745308,0.750037513437416,"X196900295",0.100481865647731,0.732514645138359,"inc.trend"
"X196900356",0,0.230822391154112,0.362128541810643,0.774015203870076,0.263303386316517,0.354526606772633,0.545957152729786,0.335176226675881,1,0.272287491361437,0.494125777470629,0.496199032480995,0.440912232204561,0.477539737387699,0.413821700069109,0.477194194885971,0.676412612265875,"X196900356",0.244914690269708,0.398717712900423,"inc.trend"
"X196900377",0.427148194271482,0.249481112494811,0,0.220423412204234,0.349937733499377,0.0730593607305936,0.290992112909921,0.432544624325446,0.670817766708178,0.187214611872146,0.513906185139062,0.38854296388543,1,0.290161892901619,0.290161892901619,0.548152760481528,0.0819763326089286,"X196900377",0.511046119357956,0.0618171247861239,"inc.trend"
"X196900140",0.258092738407699,0.343248760571595,1,0,0.0997375328083989,0.140565762613007,0,0.280548264800233,0.441528142315544,0.177311169437154,0.26305045202683,0.146106736657918,0.697579469233013,0,0.274103237095363,0.27668416447944,0.98841378529802,"X196900140",-0.059437679861965,0.840043724261127,"dec.trend"
"X196900192",0.568,0.558933333333333,0.460266666666667,0,0.229866666666667,0.309333333333333,0.4976,0.408,1,0,0,0,0,0,0.4032,0,0.0205335330466088,"X196900192",-0.578592855729989,0.0301811893960977,"decreasing"
"X196900227",0.63439194422928,0.718048024786987,0,0.953524399690163,0.314484895429899,0,0.741285824941906,0.993028659953524,1,0.815646785437645,0.367931835786212,0.625096824167312,0.577846630518978,0.886909372579396,0.61704105344694,0.614446165762975,0.990160599904184,"X196900227",0.160270898597942,0.584153566620324,"inc.trend"
"X196900228",0.913553431798436,0.778453518679409,0.501303214596003,0.531277150304083,0.458731537793223,0.625108601216334,0.375760208514335,1,0.458731537793223,0.476107732406603,0.427019982623805,0,0.324066029539531,0,0.611902693310165,0.187771503040834,0.00598232600978349,"X196900228",-0.738347926529279,0.00256474075002857,"decreasing"
"X196900287",0.229156741305384,0.151500714626012,0,0.286803239637923,0.15054787994283,0.142448785135779,0.279656979514054,0.370176274416389,1,0.242020009528347,0.485469271081467,0.184849928537399,0.196283944735588,0.450214387803716,0.285231062410672,0.329204383039543,0.76959202367087,"X196900287",0.247969673166143,0.392672038218468,"inc.trend"
"X196900354",0,0.404489016236867,0,0,0.0993314231136581,0,0.234479465138491,0.885864374403056,0.952244508118434,0,0.245463228271251,0.275549188156638,1,0.404011461318052,0.257640878701051,0.481255969436485,0.325207901933194,"X196900354",0.409776058532713,0.145638458760186,"inc.trend"
"X196900158",0.654885654885655,0.401940401940402,0.696465696465696,0,0.163548163548164,0,0.234234234234234,0.524601524601525,1,0,0.343035343035343,0.266112266112266,0.526680526680527,0,0.367567567567568,0.283957033957034,0.666065939782272,"X196900158",-0.157321800910677,0.59117979857181,"dec.trend"
"X196900182",0.31477184841454,0.491879350348028,0,0.862335653518948,0,0.378190255220418,0.297757153905646,0.303944315545244,0.512761020881671,1,0,0,0,0,0.416163959783449,0,0.0272197409760389,"X196900182",-0.4565759020406,0.100775342750584,"dec.trend"
"X196900183",1,0.595291841341503,0.27442760399871,0,0.296033537568526,0.144792002579813,0.291518864882296,0.954208319896807,0.898097387939374,0.209932279909707,0,0,0,0,0.466430183811674,0,0.0287454442145463,"X196900183",-0.545217545586707,0.0437588243109455,"decreasing"
"X196900226",0.481831395348837,0.492732558139535,0,0,0,0.317587209302326,0,0.372093023255814,1,0.297238372093023,0.32703488372093,0.258720930232558,0,0,0.296148255813953,0.146438953488372,0.401016595538502,"X196900226",-0.194083955690312,0.506141797946039,"dec.trend"
"X196900252",0.391167192429022,0.2000901306895,0.403785488958991,1,0.216313654799459,0.14015322217215,0.379450202794051,0.233889139251915,0.395673726904011,0.581342947273547,0.214060387561965,0.0946372239747634,0,0.163587201442091,0.394186570527265,0.118071203244705,0.0566310094109733,"X196900252",-0.479945951511296,0.0824175807875184,"dec.trend"
"X196900335",0.939793577981651,0.344610091743119,0.736238532110092,1,0.380160550458716,0.885894495412844,0.659977064220184,0.567087155963303,0.849197247706422,0.626146788990826,0,0.391628440366972,0,0,0.698910550458716,0.0979071100917431,0.000565259817082268,"X196900335",-0.783985895356747,0.000904464221231571,"decreasing"
"X196900338",0.247760031164784,0.186988702765875,0.276197896377094,1,0.324892871055707,0.211920529801325,0.444487728866381,0.275418776782236,0.6832878846903,0.543435917413323,0.30970003895598,0.334242306194001,0.251655629139073,0.653291780288274,0.419439033891702,0.387222438644332,0.825092615299817,"X196900338",0.0674142160245681,0.818882377991909,"inc.trend"
"X196900146",0.0481032711080664,0.0706028429525604,0.107274362048296,1,0.0675415310840897,0.251776845350231,0.0162270936804247,0.0896771707484158,0.272863504024662,0.0761260489809899,0,0,0,0,0.200019266997774,0,0.208186356771811,"X196900146",-0.372270237350841,0.189938171891378,"dec.trend"
"X196900186",0.00603339545565784,0.0243312437642364,1,0.0183166732553981,0.0120573784379059,0.0378475555806555,0.00292727923043617,0.0670732855179684,0.0233994088966699,0.0181001863669735,0.0296022288737034,0.00448974981645677,0.0060428079290676,0,0.12100864065059,0.0100336966548069,0.497348036758518,"X196900186",-0.268396461805476,0.353510334194096,"dec.trend"
"X196900196",0.335869898741945,0.207118748082234,1,0.251549555078245,0.238723534826634,0.2632095734888,0.368027002147898,0.355569193003989,0.750230131942314,0.500828474992329,0,0.0301933108315434,0,0,0.427112611230439,0.00754832770788585,0.00793665521284542,"X196900196",-0.589593574519768,0.0264837380693114,"decreasing"
"X196900202",0.124064478986759,0.37881404720783,1,0.586355785837651,0.0840529648819804,0.2524467472654,0.479274611398964,0.587795048934945,0.659758203799655,0.559009786989062,0.827864133563615,0.0952792170408751,0.289291882556131,0,0.471157167530225,0.303108808290155,0.363937055826203,"X196900202",-0.233939612914364,0.42083328114311,"dec.trend"
"X196900203",0,0.666969972702457,0,0,0.194722474977252,0.450409463148317,0.516833484986351,1,0.985441310282075,0.300272975432211,0.29663330300273,0,0.882620564149227,0,0.411464968152866,0.294813466787989,0.62372762401787,"X196900203",0.00945539070740655,0.974407775462889,"inc.trend"
"X196900225",0.702734839476813,0.443519619500595,0.75743162901308,0,0.217598097502973,0.655172413793103,0,0.760998810939358,1,0,0,0,0,0,0.453745541022592,0,0.0356683449876514,"X196900225",-0.561143534819945,0.036815988546347,"decreasing"
"X196900341",0,0.103246563322609,0.156478502486107,0.230184264404797,0.18075460661012,0.0897923369406259,0.549868382568002,0.266452178999708,1,0.316466803158818,0.256507750804329,0.397192161450717,0.25241298625329,0.480549868382568,0.289324363849079,0.346665691722726,0.714393789017872,"X196900341",0.325485917207419,0.256131999550449,"inc.trend"
"X196900191",0.334661354581673,0.817729083665339,0,0,0.209163346613546,0.345617529880478,0,1,0,0.470119521912351,0,0,0,0,0.317729083665339,0,0.109089825397764,"X196900191",-0.409938554488218,0.145463072003005,"dec.trend"
"X196900211",0.534325637910085,0.467800729040097,1,0,0.195321992709599,0.325030376670717,0.452612393681653,0.520048602673147,0.610874848116646,0.448663426488457,0,0,0,0,0.45546780072904,0,0.00549077238262042,"X196900211",-0.656392545831919,0.0107827448233474,"decreasing"
"X196900229",0,0,0,0.692148760330578,0.158057851239669,0,0,0,1,0,0,0.370867768595041,0,0.449380165289256,0.185020661157025,0.205061983471074,0.920720714150414,"X196900229",0.11697155998918,0.690457687189238,"inc.trend"
"X196900255",0.274914089347079,0.401080019636721,0,0.421698576337752,0.183603338242514,0.166421207658321,0.561119293078056,0.533136966126657,1,0.543937162493863,0.379970544918999,0.333824251350025,0.172312223858616,0.200294550810015,0.408591065292096,0.271600392734413,0.366879289075989,"X196900255",-0.069192198605581,0.814180559263407,"dec.trend"
"X196900263",0.541497975708502,0.537449392712551,0.63663967611336,0.558704453441296,0.236842105263158,0.240890688259109,0.800607287449393,0.588056680161943,1,0.395748987854251,0,0,0.5,0,0.553643724696356,0.125,0.0101759725560324,"X196900263",-0.560067119309155,0.0372577760159885,"decreasing"
"X196900283",1,0.54372197309417,0.579035874439462,0.702354260089686,0.416479820627803,0.542600896860987,0.838565022421525,0.56109865470852,0.559977578475336,0.391816143497758,0,0,0,0,0.613565022421525,0,3.27481251174125e-05,"X196900283",-0.893628334767574,1.65705054288544e-05,"decreasing"
"X196900161",0.430153934685657,0.203999424543231,1,0.795281254495756,0.128758452021292,0.21406991799741,0.315494173500216,0.192058696590419,0.345417925478348,0.423248453459934,0,0,0,0,0.404848223277226,0,0.0160795547153747,"X196900161",-0.655780671725986,0.0108820144993457,"decreasing"
"X196900223",0,0.0779976717112922,0.263096623981374,1,0.164726426076834,0.142898719441211,0.257275902211874,0,0.405413271245634,0.329161816065192,0.14988358556461,0.070139697322468,0,0.485739231664726,0.264057043073341,0.176440628637951,0.599214365242245,"X196900223",-0.0840851985807731,0.775038355893912,"dec.trend"
"X196900260",0.464622385957308,0.100227543612526,1,0.132517065770939,0.0705385198829776,0.300682630837577,0.0745476216274786,0.194170549355293,0.37620543937588,0.164048109220934,0.131541878860115,0,0,0.0826741792176834,0.287755986564091,0.0535540145194496,0.135724125079532,"X196900260",-0.47959333857711,0.082675652596639,"dec.trend"
"X196900303",0.401010101010101,0.54040404040404,0.535353535353535,0.456565656565657,0.271717171717172,0.228282828282828,0.452525252525253,0.490909090909091,1,0.36969696969697,0.506060606060606,0,0.385858585858586,0,0.474646464646465,0.222979797979798,0.0835047064553077,"X196900303",-0.418604102330053,0.136312543487895,"dec.trend"
"X196900318",0.359961959106039,0.41321921065145,0,0,0.179743223965763,0.228245363766049,0.622444127436995,0.356157869709938,1,0.16262482168331,0.438421302900618,0.184022824536377,0.334759866856871,0.330480266286258,0.332239657631954,0.321921065145031,0.948961156239899,"X196900318",0.102518190673448,0.72728041787752,"inc.trend"
"X196900347",0.699075785582255,0.370794824399261,1,0.480591497227357,0.201109057301294,0.186691312384473,0.270240295748614,0.182624768946396,0.481330868761553,0.974121996303142,0,0.10720887245841,0.402957486136784,0.35822550831793,0.484658040665434,0.217097966728281,0.140269930863365,"X196900347",-0.36030903962459,0.205694064749724,"dec.trend"
"X196900366",0,0.274418604651163,0,0.666666666666667,0.421705426356589,0.171317829457364,0.378294573643411,0.418604651162791,0.60077519379845,0.484496124031008,0.670542635658915,0.765891472868217,0.93953488372093,1,0.341627906976744,0.843992248062015,0.00179354321568699,"X196900366",0.856440978509819,9.20833871999882e-05,"increasing"
"X196900401",0.879640044994376,0.390326209223847,0.307649043869516,0,0.341394825646794,0.12992125984252,0.605736782902137,0.410573678290214,1,0.289088863892013,0,0,0.228908886389201,0,0.435433070866142,0.0572272215973003,0.0392494370492498,"X196900401",-0.484247257500439,0.0793149780955406,"dec.trend"
"X196900149",0.509036144578313,0,0,0,0,0,0,0,1,0,0.668674698795181,0,0.76355421686747,0,0.150903614457831,0.358057228915663,0.348957578428568,"X196900149",0.270791402770419,0.349064700074368,"inc.trend"
"X196900163",0,0.857740585774059,0,0,0,0,0,0.567642956764296,0,0,0.490934449093445,0,1,0,0.142538354253835,0.372733612273361,0.298755845228618,"X196900163",0.234848781415828,0.418977900568609,"inc.trend"
"X196900292",0.834224598930481,0,0,1,0.411764705882353,0,0.814616755793226,0,0,0,0.556149732620321,0.661319073083779,0.7825311942959,0,0.306060606060606,0.5,0.432089622776036,"X196900292",0.084041120566486,0.775153519659269,"inc.trend"
"X196900305",0,0.278195488721804,0.44812030075188,1,0.311278195488722,0,0.502255639097744,0.395488721804511,0.996992481203008,0.379699248120301,0.254135338345865,0.681954887218045,0.796992481203007,0.666165413533835,0.431203007518797,0.599812030075188,0.39125083230278,"X196900305",0.362734332334669,0.202434862966561,"inc.trend"
"X196900339",0.29911098365357,0.153928878692286,0.0406509893891597,0,0.067106395182105,0,0.397117866360769,0.187051907083453,0.567608259248638,0.492830513335245,1,0.27308574706051,0.513622024663034,0.57484944078004,0.220540579294523,0.590389303125896,0.0209814308759979,"X196900339",0.680245889843753,0.00742495185944391,"increasing"
"X196900349",0.597847358121331,0.445205479452055,0.977495107632094,0.38160469667319,0.282778864970646,0.463796477495108,0.89041095890411,0.334637964774951,1,0.680039138943249,0.255381604696673,0,0,0,0.605381604696673,0.0638454011741683,0.00261636764782556,"X196900349",-0.655022084442657,0.011006060848843,"decreasing"
"X196900458",0,0,0,0.268379728765168,0.219842969307637,0,0,0.705210563882941,1,0.207708779443255,0,0.658815132048537,0.738758029978587,0.758029978586724,0.2401142041399,0.538900785153462,0.175570856556745,"X196900458",0.554601202704818,0.0395616874948385,"increasing"
"X196900190",0,1,0,0,0,0.459090909090909,0,0.734848484848485,0,0,0,0,0,0,0.219393939393939,0,0.27645406589585,"X196900190",-0.344796699687547,0.227319762027318,"dec.trend"
"X196900193",0,0.536115569823435,0,0,0,0,1,0,0,0.532905296950241,0,0,0,0,0.206902086677368,0,0.279337002829201,"X196900193",-0.214093743815776,0.462359145927053,"dec.trend"
"X196900205",0.769911504424779,0.787610619469027,0,0,0.282079646017699,0,0.348451327433628,1,0,0,0,0,0,0,0.318805309734513,0,0.14032785325153,"X196900205",-0.464522335493163,0.0942436970404002,"dec.trend"
"X196900265",0.559414990859232,0.421389396709324,0,1,0.287934186471664,0.679159049360146,0.782449725776965,0.551188299817185,0,0.823583180987203,0,0,0,0,0.510511882998172,0,0.01201457112566,"X196900265",-0.589179217324066,0.0266165332873497,"decreasing"
"X196900277",0.862580326248146,0.636678200692042,0.867029164607019,0.39940682155215,0.390014829461196,0.780029658922393,0.848739495798319,0.591201186356896,1,0.394463667820069,0,0.121601581809194,0.518042511122096,0.190805734058329,0.677014335145823,0.207612456747405,0.00423849158512413,"X196900277",-0.667877092125685,0.00904543047262917,"decreasing"
"X196900302",0.538496791934005,0.447296058661778,0.259853345554537,0,0.317598533455545,0.159028414298808,0.616865261228231,0.494042163153071,1,0.344637946837763,0,0.287351054078827,0.270852428964253,0.256645279560037,0.417781851512374,0.203712190650779,0.170080453236832,"X196900302",-0.238746948843889,0.411070317802762,"dec.trend"
"X196900323",0,0,0,0,0.178855901520637,0.265749456915279,0,0.625633598841419,0,0,0.410572049239681,0.477914554670529,0.997827661115134,1,0.107023895727734,0.721578566256336,0.000972056756005891,"X196900323",0.819751316902174,0.000331733917117207,"increasing"
"X196900340",0.53618925831202,0.199360613810742,1,0.327109974424552,0.158312020460358,0.158823529411765,0.264833759590793,0.308695652173913,0.447826086956522,0.402813299232737,0.118797953964194,0.143222506393862,0.226342710997442,0.276214833759591,0.38039641943734,0.191144501278772,0.171906258061968,"X196900340",-0.393658508500974,0.16373755769234,"dec.trend"
"X196900348",0.603467561521253,0.190156599552573,0.508948545861298,0,0.211409395973154,0.189597315436242,0.508389261744966,0.369127516778524,1,0.426733780760626,0.578299776286353,0.342841163310962,0.366331096196868,0.256152125279642,0.400782997762864,0.385906040268456,0.922392655273693,"X196900348",0.058332863409299,0.842983001662629,"inc.trend"
"X196900370",0,0,0,0,0.87891617273497,0,0,0.528365791701948,0.889077053344623,0,0.393734123624047,0.731583403895004,0.405588484335309,1,0.229635901778154,0.63272650296359,0.0839010078836235,"X196900370",0.574281412649388,0.0317303755825202,"increasing"
"X196900475",0.343570057581574,0.355086372360845,0,0.882917466410749,0.524952015355086,0,0.525911708253359,0.450095969289827,1,0.371401151631478,0.793666026871401,0.490403071017274,0.465451055662188,0.625719769673704,0.445393474088292,0.593809980806142,0.402040286197578,"X196900475",0.320812285410206,0.263420806493995,"inc.trend"
"X196900496",0,0,0,0.540183486238532,0.366605504587156,0,0.533211009174312,0.695779816513761,0.853577981651376,0.311192660550459,0.474495412844037,0.54605504587156,0.874862385321101,1,0.33005504587156,0.723853211009174,0.0503083941669796,"X196900496",0.71328243526155,0.00418152919418223,"increasing"
"X196900175",0.370117557830868,0.208191126279863,0,0,0,0.125521425862723,0.262419416003034,0.374288964732651,1,0.187713310580205,0.108456579446341,0,0,0,0.252825180128934,0.0271141448615851,0.167669304180549,"X196900175",-0.249255813740602,0.390141345013076,"dec.trend"
"X196900233",0,0.99492385786802,0,0,0,1,0,0,0,0,0,0,0,0,0.199492385786802,0,0.372786146725617,"X196900233",-0.345631977846209,0.226120876691465,"dec.trend"
"X196900266",0,0.614832535885168,0,0,0,0,0.151196172248804,0.601913875598086,1,0,0.710526315789474,0,0.47511961722488,0,0.236794258373206,0.296411483253589,0.786063729208539,"X196900266",0.133660568045865,0.648722009356853,"inc.trend"
"X196900271",0.702068194522079,0.285634432643935,0,0,0.354387926215763,0.343208496366685,0.57406372275014,0.664617104527669,1,0.210173281162661,0,0.35830072666294,0.278926774734489,0.418110676355506,0.413415315818893,0.263834544438234,0.404331119773503,"X196900271",-0.100785508001551,0.7317334623051,"dec.trend"
"X196900291",0.165794066317627,0.180453752181501,0.321465968586387,1,0,0.588830715532286,0.268760907504363,0.308551483420593,0.580802792321117,0.240488656195462,0.185689354275742,0.156719022687609,0.180802792321117,0.157417102966841,0.365514834205934,0.170157068062827,0.207575864666022,"X196900291",-0.323567763817205,0.259108602170186,"dec.trend"
"X196900293",0.452261306532663,0.45656855707107,0.610193826274228,0.564967695620962,0.434314429289304,0.399138549892319,0.641780330222541,0.381191672648959,1,0,0,0.231873653984207,0.399138549892319,0,0.494041636755205,0.157753050969131,0.0345314014385311,"X196900293",-0.557201276624898,0.0384530451389359,"decreasing"
"X196900307",0.439384615384615,0.404923076923077,1,0.441846153846154,0.236923076923077,0.243692307692308,0.614153846153846,0.615384615384615,0.982153846153846,0.512615384615385,0,0,0,0,0.549107692307692,0,0.00166284927833497,"X196900307",-0.656144579724533,0.0108228902202294,"decreasing"
"X196900314",0,0,0,0.458823529411765,0.160613810741688,0,0,0.546803069053708,0,0,0.658312020460358,0.446035805626598,0.868542199488491,1,0.116624040920716,0.743222506393862,0.000410342209777154,"X196900314",0.815618302048443,0.00037646491690744,"increasing"
"X196900316",0,0,0,0,0,0,0,0,0,0,0.626410835214447,0.693002257336343,1,0.946952595936795,0,0.816591422121896,3.98916788124955e-09,"X196900316",0.942146825912268,4.77524043308505e-07,"increasing"
"X196900320",1,0.259727302959761,0.846025939474559,0.303292317924842,0.14632524110409,0.374792151646159,0.36548054539408,0.888593282341204,0.538077818423678,0.188892583970735,0,0,0,0,0.491120718323911,0,0.00959210627425134,"X196900320",-0.68173372920783,0.00724634344286715,"decreasing"
"X196900350",0.449095022624434,0.372171945701357,0.527149321266968,1,0.228506787330317,0.270361990950226,0.678733031674208,0.492081447963801,0.753393665158371,0.304298642533937,0,0,0,0,0.507579185520362,0,0.00151984309064806,"X196900350",-0.708686316076532,0.00454946907240363,"decreasing"
"X196900398",0.508804795803672,0.315473960284751,0.528662420382166,0.321094042712626,0.26489321843387,0.152866242038217,0.401273885350318,0.315099288122892,1,0.247658298988385,0.135631322592731,0,0.139752716373173,0,0.40558261521169,0.0688460097414762,0.0190273482494744,"X196900398",-0.546760544715647,0.0430472436387904,"decreasing"
"X196900400",0.413177339901478,0.299261083743842,0.488916256157635,1,0.267241379310345,0.117610837438424,0.639162561576355,0.418103448275862,0.667487684729064,0.339285714285714,0.191502463054187,0.169334975369458,0.325738916256158,0,0.465024630541872,0.171644088669951,0.0496938705448479,"X196900400",-0.500842682279302,0.0681152014974325,"dec.trend"
"X196900406",0,0,0,0.654995730145175,0.333902647309991,0,0,0.701110162254483,1,0.322801024765158,0,0.221178479931682,0.625960717335611,0,0.301280956447481,0.211784799316823,0.675296586275832,"X196900406",0.0426187146973172,0.884978302566932,"inc.trend"
"X196900465",0,0,0,0,0,0,0,0.207246867592279,0.239756180155774,0,0.088046054859465,0.105316627158822,1,0.302742973247545,0.0447003047748053,0.374026413816458,0.0319160337977257,"X196900465",0.63060495030195,0.0156134536400374,"increasing"
"X196900469",0.334767025089606,0.294623655913978,0,0.367025089605735,0,0,0,0.860215053763441,1,0,0.681720430107527,0,0.386379928315412,0,0.285663082437276,0.267025089605735,0.932380458194369,"X196900469",0.0206022358845497,0.944268537010395,"inc.trend"
"X196900507",0,0.266621893888516,0,0.289456010745467,0.112155809267965,0,0,0.270651443922095,0.437206178643385,0.318334452652787,0.80456682337139,0.427803895231699,0.668233713901948,1,0.169442578912021,0.725151108126259,0.000297460897359288,"X196900507",0.874819243138683,4.21961353664479e-05,"increasing"
"X196900137",0.852472089314195,0,0.59170653907496,0,0,0,0.640350877192982,0.317384370015949,1,0,0,0,0,0,0.340191387559809,0,0.121666739588405,"X196900137",-0.392556281952826,0.165026538563463,"dec.trend"
"X196900144",0.329437985663514,0.39587976627914,0.585446659839769,1,0.170531895668936,0.607553761821577,0.529787362207096,0.639118125414132,0.710619842178182,0.608758508523583,0,0,0,0,0.557713390759593,0,0.000424455904208925,"X196900144",-0.709541633850592,0.00447914693435747,"decreasing"
"X196900187",0,0.21882951653944,0,0,0,0,0,0.326208651399491,0,0,0.279898218829517,0.227480916030534,1,0.956234096692112,0.0545038167938931,0.615903307888041,0.00154828686258674,"X196900187",0.787162582715231,0.000833702428140339,"increasing"
"X196900194",0,0.794557823129252,0,0,0.210884353741497,0.261224489795918,1,0.522448979591837,0.941496598639456,0,0,0,0,0,0.373061224489796,0,0.100955436763064,"X196900194",-0.342184192335679,0.231094867186414,"dec.trend"
"X196900319",0,0,0,0,0,0,0,0,0,0,0.352647352647353,0.245754245754246,0.681318681318681,1,0,0.56993006993007,0.000108387896888809,"X196900319",0.868719125414915,5.53707247157649e-05,"increasing"
"X196900355",0.661599471249174,0.490416391275611,0.562458691341705,0.566424322538004,0.452081956378057,0.177131526768011,0.460013218770654,0.576338400528751,1,0.594183740912095,0.471249173826834,0.423000660938533,0.454064771976206,0.556510244547257,0.554064771976206,0.476206212822208,0.478241359667572,"X196900355",-0.0883568608539568,0.763898389534836,"dec.trend"
"X196900361",0.860440713536201,0.542497376705142,0,0.795383001049318,0.555089192025184,0.201469045120672,0.719832109129066,0.57607555089192,1,0.915005246589717,0.508919202518363,0.291710388247639,0,0.42707240293809,0.616579223504722,0.306925498426023,0.102381952677837,"X196900361",-0.328821132629951,0.251005713939967,"dec.trend"
"X196900454",0,0,0,0,0,0,0,0,0.539229387103214,0,0.254342184068676,0,0.542024356158914,1,0.0539229387103214,0.449091635056898,0.0247484696503588,"X196900454",0.699976677626908,0.00531590580515367,"increasing"
"X196900167",0,1,0,0,0,0,0,0,0,0,0,0,0.683139534883721,0,0.1,0.17078488372093,0.717311029372923,"X196900167",0.0115375609402078,0.968774390094415,"inc.trend"
"X196900213",1,0.353410097431355,0.965456155890168,0.951874815470918,0.239149689991143,0.135518157661647,0.297903749630942,0.453793917921464,0.733687629170357,0.621789193976971,0,0,0,0,0.575258340714497,0,0.00473728714492616,"X196900213",-0.717617167062911,0.00385629851664615,"decreasing"
"X196900222",0.421493902439024,0.346036585365854,0,0,0,0.325457317073171,0,0.632621951219512,1,0.43140243902439,0,0,0,0,0.315701219512195,0,0.0883044801399283,"X196900222",-0.317936167899866,0.267967353405257,"dec.trend"
"X196900262",1,0.446960667461263,0.864123957091776,0.491060786650775,0.245530393325387,0.381406436233611,0.66030989272944,0.612634088200238,0.744934445768772,0.589988081048868,0,0,0,0,0.603694874851013,0,0.000224258479340004,"X196900262",-0.800233111855613,0.000587606366299779,"decreasing"
"X196900296",0.579983593109106,0.531583264971288,0,1,0.383921246923708,0.237079573420837,0.748974569319114,0.63740771123872,0.853978671041838,0.745693191140279,0.478260869565217,0,0,0,0.571862182116489,0.119565217391304,0.0200317435968577,"X196900296",-0.509659745282906,0.0626473244594461,"dec.trend"
"X196900308",0.625602202339986,0.298692360633173,0.445973847212663,0,0.165175498967653,0.149346180316586,0.627666896077082,0.649002064693737,0.994494150034412,0.193392980041294,0.905024088093599,0.593255333792154,0.878183069511356,1,0.414934618031659,0.844115622849277,0.0236347383160031,"X196900308",0.651675081373983,0.0115664038522584,"increasing"
"X196900312",0,0,0,0,0,0,0,0,0,0,0.592857142857143,0,1,0.921428571428571,0,0.628571428571429,0.000537872826447149,"X196900312",0.809478448086353,0.00045177226213821,"increasing"
"X196900383",0,0.359916782246879,0,0.289181692094313,0.275312066574202,0,0.653952843273232,0.40499306518724,0.986823855755895,0,0.432038834951456,0.479889042995839,1,0.813453536754508,0.297018030513176,0.681345353675451,0.0618279304216224,"X196900383",0.621687852520263,0.0176184854249552,"increasing"
"X196900499",0,0.29746835443038,0,0,0.235150925024343,0,0.359785783836417,0.592015579357351,1,0.377799415774099,0.628042843232717,0.377312560856865,0.559883154819864,0.68792599805258,0.286222005842259,0.563291139240506,0.130958532293716,"X196900499",0.611949001894813,0.0200252781177628,"increasing"
"X196900569",0,0.195210449927431,0,0.386066763425254,0.168359941944848,0.231494920174165,0.443396226415094,0.504354136429608,1,0.251814223512337,0.28011611030479,0.318577648766328,0.565312046444122,0.446298984034833,0.318069666182874,0.402576197387518,0.595275740953494,"X196900569",0.366996363003361,0.196786939732368,"inc.trend"
"X196900147",0,1,0,0,0,0,0,0,0,0,0,0,0,0,0.1,0,0.548626727922509,"X196900147",-0.284650946365053,0.323949618562548,"dec.trend"
"X196900174",0,1,0,0,0,0,0,0,0,0,0,0,0,0,0.1,0,0.548626727922509,"X196900174",-0.284650946365053,0.323949618562548,"dec.trend"
"X196900177",0,1,0,0,0,0,0,0,0,0,0,0,0,0,0.1,0,0.548626727922509,"X196900177",-0.284650946365053,0.323949618562548,"dec.trend"
"X196900297",0,0.245857590685177,0,0.909538737124944,0.48410210479176,0,0.412897447380206,0.364532019704433,1,0.662785490371697,0,0.318405732198836,0.356471115091805,0.45320197044335,0.407971339005822,0.282019704433498,0.53239357890102,"X196900297",0.0287986319461014,0.922148856183945,"inc.trend"
"X196900301",0,0,0,0,0,0,0,0,0,0,0.915693904020752,0,1,0,0,0.478923476005188,0.0127915969754989,"X196900301",0.574017222314212,0.0318271870081763,"increasing"
"X196900331",0.458261617900172,0.548623063683305,1,0.372203098106713,0.151032702237522,0.176419965576592,0.291738382099828,0.39802065404475,0.539156626506024,0.853700516351119,0,0,0,0,0.478915662650602,0,0.00509194839146601,"X196900331",-0.641594626658252,0.0133870624182098,"decreasing"
"X196900390",0,0,0,0,0,0.241847826086957,0,0,0,0,0,0,1,0,0.0241847826086957,0.25,0.165730084289035,"X196900390",0.387489722914641,0.171036697913871,"inc.trend"
"X196900429",0.446466809421842,0.295503211991435,0.836188436830835,0.744111349036403,0.367237687366167,0,0.488222698072805,0.460385438972163,0,1,0.741970021413276,0.319057815845824,0.477516059957173,0.402569593147752,0.463811563169165,0.485278372591006,0.905467431692136,"X196900429",0.0351944249648906,0.904923981267954,"inc.trend"
"X196900464",0,0.5,0,0,0.282771535580524,0,0.657303370786517,0,0,0.552434456928839,0.569288389513109,0.647940074906367,0.739700374531835,1,0.199250936329588,0.739232209737828,0.00370901429351583,"X196900464",0.763956837431893,0.001468988201978,"increasing"
"X196900492",0,0,0,0,0.486330935251799,0.305035971223022,0.8,0,1,0.464748201438849,0,0.463309352517986,0,0.915107913669065,0.305611510791367,0.344604316546763,0.868734589898882,"X196900492",0.265277898291869,0.35934550131949,"inc.trend"
"X196900529",0,0.215648854961832,0.430025445292621,0.33206106870229,0.243002544529262,0,0,0.269083969465649,0,0.544529262086514,0.409669211195929,0,0.663486005089059,1,0.203435114503817,0.518288804071247,0.0742878787213912,"X196900529",0.566889481407873,0.0345228215544962,"increasing"
"X196900253",0.693167701863354,0.359006211180124,0.878260869565217,0,0.249689440993789,0.522981366459627,0.445962732919255,0.493167701863354,1,0.66832298136646,0,0,0,0,0.531055900621118,0,0.00430678847103753,"X196900253",-0.608871157723654,0.0208352521704786,"decreasing"
"X196900268",0.390774586597041,0.247171453437772,0.451261966927763,0,0.172758920800696,0.0844212358572672,0.252828546562228,1,0.830287206266319,0.282419495213229,0.134464751958225,0,0,0,0.371192341166232,0.0336161879895561,0.0620741696733459,"X196900268",-0.377089992479092,0.183814115348245,"dec.trend"
"X196900275",0,0,0,0,0,0.625954198473282,0,0,0,0,0,0,0,1,0.0625954198473282,0.25,0.316612796386094,"X196900275",0.349002524312954,0.221322947454387,"inc.trend"
"X196900310",0.306466951973371,0.200427960057061,1,0.179505468378507,0.121968616262482,0.225630052306229,0.173086067522587,0.252258678078935,0.470042796005706,0.43319067998098,0,0,0,0,0.336257727056586,0,0.0262121120205696,"X196900310",-0.559362955892706,0.0375488897091885,"decreasing"
"X196900336",0.411053540587219,0.231535101087067,1,0.253378035151885,0.115411967895967,0.701615361170375,0.960276338514681,0.231738291171391,0.439500152392563,0.708422228995225,0.0373869755155948,0,0,0,0.505293101696637,0.00934674387889871,0.0102276655713389,"X196900336",-0.58102585604814,0.0293322129185632,"decreasing"
"X196900352",0,0,0,0.838039867109635,0,0,0.31312292358804,0,1,0.36046511627907,0.497508305647841,0.401993355481728,0.709302325581395,0.334717607973422,0.251162790697674,0.485880398671096,0.264640355712847,"X196900352",0.418974505094887,0.135930225237927,"inc.trend"
"X196900450",0,0,0,0.446088794926004,0.342494714587738,0,0.595137420718816,0,1,0.334038054968288,0.525369978858351,0.280126849894292,0,0,0.271775898520085,0.201374207188161,0.717225295529391,"X196900450",0.0160939790296877,0.956451897538895,"inc.trend"
"X196900500",0,0.304347826086957,0.377501725327812,0,0.160110420979986,0.283643892339545,0.33264320220842,0,1,0,0,0,0.287094547964113,0,0.245824706694272,0.0717736369910283,0.306230810672198,"X196900500",-0.20344975197774,0.485416773291668,"dec.trend"
"X196900605",0.360671936758893,0.317193675889328,0,0,0.314229249011858,0.179841897233202,0.468379446640316,0.533596837944664,1,0.374505928853755,0.538537549407115,0.599802371541502,0.365612648221344,0.529644268774704,0.354841897233202,0.508399209486166,0.327868920778552,"X196900605",0.432836708716876,0.122135000734712,"inc.trend"
"X196900606",0.157259801809565,0.146057733735459,0.274881516587678,0,0.165015079707023,0,0.298147350280052,0.177940542869453,1,0.273588970271435,0.470056010340371,0.458423093494184,0.481688927186558,0.411460577337355,0.249289099526066,0.455407152089617,0.181976636567215,"X196900606",0.498442770224705,0.0696605663092833,"inc.trend"
"X196900142",0.445876288659794,0.862757731958763,1,0,0.214561855670103,0.143041237113402,0,0.371778350515464,0,0.295103092783505,0,0,0,0,0.333311855670103,0,0.0904849380571788,"X196900142",-0.583070301411029,0.0286326893672828,"decreasing"
"X196900231",0.241009946442234,0.408569242540168,0.482019892884468,0,0,0.345065034429992,0.583014537107881,0.485080336648814,1,0.373374139250191,0,0,0,0,0.391813312930375,0,0.0216200704964831,"X196900231",-0.447060823867686,0.108999873484268,"dec.trend"
"X196900264",0.258389261744966,0.26006711409396,0.718120805369127,0.61744966442953,0,0.628635346756152,0.618568232662192,0.597874720357942,1,0.391498881431767,0,0,0,0,0.509060402684564,0,0.0044435393925146,"X196900264",-0.582329356180322,0.0288847560440932,"decreasing"
"X196900276",0,0.698765432098765,0,0,0,0,1,0.91358024691358,0,0,0,0,0,0,0.261234567901235,0,0.25544444009606,"X196900276",-0.261825476426859,0.365866177169157,"dec.trend"
"X196900294",0,0,0,0,0,0,0,1,0,0,0,0,0,0,0.1,0,0.548626727922509,"X196900294",-0.0744827019900444,0.800224904140219,"dec.trend"
"X196900357",0.506056527590848,0.48250336473755,1,0,0.340511440107672,0.552489905787349,0.631897711978466,0.442126514131898,0,0,0,0,0,0.306191117092867,0.395558546433378,0.0765477792732167,0.0878353037905064,"X196900357",-0.549471726734914,0.0418175174226181,"decreasing"
"X196900358",0,0.159214830970556,0.255906942929844,0.344601962922574,0.492911668484188,0,0,1,0,0.24718284260269,0,0.800799709196656,0,0,0.249981824790985,0.200199927299164,0.807521289095299,"X196900358",-0.0516945478172194,0.860682518744073,"dec.trend"
"X196900363",0,0.394124847001224,0,0.673194614443084,0.414932680538556,0.214198286413709,0.582619339045288,0.603427172582619,1,0.833537331701346,0,0,0,0,0.471603427172583,0,0.0172702188814548,"X196900363",-0.389898859410091,0.168161414170255,"dec.trend"
"X196900418",0.414772727272727,0.294318181818182,0,0,0.246590909090909,0.268181818181818,0.347727272727273,0.604545454545454,1,0.339772727272727,0,0,0,0,0.351590909090909,0,0.0356551046543715,"X196900418",-0.388987094848638,0.169245867455463,"dec.trend"
"X196900425",0,0,0,0,0.156074014481094,0,0,0,1,0,0.658889782783588,0.386967015285599,0.440064360418343,0.607401448109413,0.115607401448109,0.523330651649236,0.0300275446521417,"X196900425",0.647109526532122,0.0123657693596086,"increasing"
"X196900431",0.441661923733637,0.182697780307342,0,0,0,0.310756972111554,0.260102447353443,0,0.457029026750142,0,1,0,0,0.673306772908366,0.165224815025612,0.418326693227092,0.179696852445983,"X196900431",0.338054575746684,0.237140579317646,"inc.trend"
"X196900449",0.591954022988506,0,0,1,0.441570881226054,0.198275862068966,0.466475095785441,0,0.971264367816092,0.885057471264368,0.496168582375479,0.511494252873563,0,0.802681992337165,0.455459770114943,0.452586206896552,0.990165187584279,"X196900449",0.113924080684648,0.698171979585943,"inc.trend"
"X196900481",0.514109347442681,0.37037037037037,0.692239858906526,1,0.373897707231041,0.181657848324515,0.477072310405644,0.940035273368607,0,0.50352733686067,0.290123456790123,0,0,0,0.505291005291005,0.0725308641975309,0.0219701390595126,"X196900481",-0.623562071905003,0.0171816935756207,"decreasing"
"X196900488",0,0,0,0,0.619834710743802,0,0,0,1,0,0.59504132231405,0.305785123966942,0,0.523415977961432,0.16198347107438,0.356060606060606,0.344973533305273,"X196900488",0.342043954372056,0.231298599069352,"inc.trend"
"X196900521",0,0,0,1,0.246336996336996,0.495421245421245,0.470695970695971,0,0.893772893772894,0,0,0.473443223443223,0.402930402930403,0.615384615384615,0.310622710622711,0.37293956043956,0.775895170897598,"X196900521",0.166460996131709,0.569516817670062,"inc.trend"
"X196900591",0.732142857142857,0.339285714285714,1,0,0.148496240601504,0,0.602443609022556,0.328947368421053,0,0.274436090225564,0.56203007518797,0.37781954887218,0.43703007518797,0.555451127819549,0.342575187969925,0.483082706766917,0.442008723490335,"X196900591",0.106647919156238,0.716699329276406,"inc.trend"
"X196900596",0.404804270462633,0.26067615658363,0.672597864768683,0,0,0,0.395907473309609,0.537366548042705,0.725978647686833,0.252669039145907,1,0.604092526690391,0.724199288256228,0.903914590747331,0.325,0.808051601423488,0.00700074524303975,"X196900596",0.696469213983114,0.00565158139268959,"increasing"
"X196900597",0.295194508009153,0.493516399694889,0.668192219679634,0.324942791762014,0.260869565217391,0.312738367658276,0.608695652173913,0.761250953470633,1,0.395118230358505,0.278413424866514,0,0,0,0.512051868802441,0.0696033562166285,0.00556824122819079,"X196900597",-0.573893943911524,0.0318724368467705,"decreasing"
"X196900207",0,1,0,0,0,0,0,0,0,0,0,0,0,0,0.1,0,0.548626727922509,"X196900207",-0.284650946365053,0.323949618562548,"dec.trend"
"X196900251",0,0.46167097329888,0,0,0,0,0,0,0,0,0,0,1,0,0.046167097329888,0.25,0.242327123234928,"X196900251",0.285368680439472,0.322677611767614,"inc.trend"
"X196900284",0.330082520630158,0.261815453863466,0.531882970742686,0.718679669917479,0,0.207801950487622,0.497374343585896,0.67966991747937,1,0.49662415603901,0,0,0,0,0.472393098274569,0,0.0075516909553014,"X196900284",-0.529978444018286,0.0512560099346018,"dec.trend"
"X196900327",0,0.335189309576837,0,0,0.262806236080178,0,0.423162583518931,0.562360801781737,1,0,0,0,0.626948775055679,0,0.258351893095768,0.15673719376392,0.611826788110736,"X196900327",0.00456398044972318,0.987645591204574,"inc.trend"
"X196900329",0.421821305841924,0.458762886597938,0,0.724226804123711,0.15893470790378,0,0.56872852233677,0.478522336769759,1,0.481099656357388,0,0,0,0,0.429209621993127,0,0.0200625086771924,"X196900329",-0.473821976689022,0.0869806873235726,"dec.trend"
"X196900359",0.0704101776705418,0.264531695547269,0.221539811362141,0,0.332529063391095,0,0.31300723842948,0.978065365211669,1,0,0.500767712217592,0,0.0919061197631059,0,0.31800833516122,0.148168457995174,0.424881042865034,"X196900359",-0.11498034190794,0.69549508241318,"dec.trend"
"X196900391",0.528813559322034,0.416949152542373,1,0,0.267796610169492,0.310169491525424,0.652542372881356,0.63728813559322,0.988135593220339,0.608474576271186,0,0,0,0,0.541016949152542,0,0.00536365687154037,"X196900391",-0.580997663949554,0.0293419472324197,"decreasing"
"X196900404",0,0.610588235294118,0,0,0.305882352941176,0.249411764705882,0.523529411764706,0.571764705882353,1,0,0.496470588235294,0.545882352941176,0,0.603529411764706,0.326117647058824,0.411470588235294,0.668640371345414,"X196900404",0.221342962614054,0.446965962886583,"inc.trend"
"X196900513",0,0,0,0,0.291381668946648,0,0,0.755129958960328,1,0,0,0.456908344733242,0.590971272229822,0.651162790697674,0.204651162790698,0.424760601915185,0.312861186235383,"X196900513",0.457529072298481,0.0999758229828969,"inc.trend"
"X196900524",0,0,0,1,0.302301255230126,0,0,0.365062761506276,0,0.327405857740586,0.648535564853556,0.27510460251046,0,0.643305439330544,0.199476987447699,0.39173640167364,0.330151124669843,"X196900524",0.286594150298875,0.320512317833453,"inc.trend"
"X196900534",0,0.322815533980583,0,0,0.218446601941748,0.271844660194175,0.512135922330097,0,1,0,0,0,0,0,0.23252427184466,0,0.187189415840283,"X196900534",-0.251324413682717,0.386089157181926,"dec.trend"
"X196900543",0,0.483965014577259,0,0.978134110787172,0.346938775510204,0,0,0.534985422740525,0,0,0.768221574344023,0.41399416909621,0.485422740524781,1,0.234402332361516,0.666909620991254,0.0439505885161011,"X196900543",0.483440177523125,0.0798907586123475,"inc.trend"
"X196900559",0,0.299895506792059,0.522466039707419,0,0.318704284221526,0,0.507836990595611,0.530825496342738,1,0.523510971786834,0,0.22675026123302,0,0,0.370323928944619,0.056687565308255,0.0833262567882626,"X196900559",-0.278293104817358,0.335340689318503,"dec.trend"
"X196900582",0,0.474931631722881,0,0,0.317228805834093,0,0.454876937101185,1,0.889699179580675,0.415679124886053,0,0.249772105742935,0.661804922515953,0.474931631722881,0.355241567912489,0.346627164995442,0.967618440009317,"X196900582",0.218495592994198,0.452981707633456,"inc.trend"
"X196900589",0.53480699439129,0.475750577367206,1,0.322335862751567,0.235895743978885,0.182448036951501,0.424942263279446,0.454305509732761,0.692510722533817,0.424612339161993,0,0,0,0,0.474760805014847,0,0.00196615465009369,"X196900589",-0.723972621705121,0.00341572479335337,"decreasing"
"X196900618",0,0.183396226415094,0.403018867924528,1,0.126792452830189,0.356981132075472,0.330566037735849,0.663396226415094,0,0.254339622641509,0.378867924528302,0,0.489811320754717,0,0.331849056603774,0.217169811320755,0.524086894176276,"X196900618",-0.190550297488997,0.514064612017657,"dec.trend"
"X196900170",0,0.879518072289157,0,0,0,0,0,1,0,0,0,0,0,0,0.187951807228916,0,0.373967621600399,"X196900170",-0.253792234902839,0.381284274775466,"dec.trend"
"X196900238",0,1,0,0,0,0,0,0,0,0,0,0,0,0,0.1,0,0.548626727922509,"X196900238",-0.284650946365053,0.323949618562548,"dec.trend"
"X196900248",1,0.764820213799806,0,0.468415937803693,0.397473275024295,0,0,0,0,0,0,0,0,0,0.263070942662779,0,0.196774212133819,"X196900248",-0.563574529130352,0.0358324859818529,"decreasing"
"X196900315",0,0.709349593495935,1,0,0.380081300813008,0,0,0,0,0,0,0,0,0,0.208943089430894,0,0.288030300268501,"X196900315",-0.435905786618429,0.11921442661279,"dec.trend"
"X196900317",0,0,0,1,0.132302405498282,0.165807560137457,0.251718213058419,0,0,0.356529209621993,0,0,0,0,0.190635738831615,0,0.255044362656509,"X196900317",-0.295735091052688,0.30462264696411,"dec.trend"
"X196900351",0,0,0,1,0.508532423208191,0,0.46188850967008,0,0,0.569965870307167,0.40386803185438,0.440273037542662,0,0.679180887372014,0.254038680318544,0.380830489192264,0.540625961631626,"X196900351",0.226903745201592,0.435332336760105,"inc.trend"
"X196900353",0,0.3272921108742,0,0,0.233475479744136,0,0.556503198294243,0,0,0,0,0.314498933901919,0.834754797441365,1,0.111727078891258,0.537313432835821,0.0275172711542959,"X196900353",0.626622334469616,0.0164862276705361,"increasing"
"X196900365",0,0,0,0,0,0,0.530638852672751,0,0,0,0,0.398956975228162,0,1,0.0530638852672751,0.34973924380704,0.0957428623424394,"X196900365",0.536353993091144,0.0480141755710948,"increasing"
"X196900367",0,0,0,0,0,0,0,0,0.665301944728761,0,1,0.454452405322416,0.683725690890481,0.375639713408393,0.0665301944728761,0.628454452405322,0.00138706691559402,"X196900367",0.753640547733945,0.00185308708346999,"increasing"
"X196900382",0,0.524475524475524,0,0,0,0,0,0,0,0,0,0,1,0,0.0524475524475524,0.25,0.269330309248373,"X196900382",0.262696201558347,0.364215606895524,"inc.trend"
"X196900387",0,0.531135531135531,0,0,0,0,0,0,0,1,0,0.556776556776557,0.912087912087912,0.908424908424908,0.153113553113553,0.594322344322344,0.0638591333220151,"X196900387",0.604027613893824,0.0221596523896412,"increasing"
"X196900392",0,0.26882745471878,0,0,0.225929456625357,0,0.63393708293613,0.320305052430887,1,0,0,0.218303145853194,0.50047664442326,0.515729265967588,0.244899904671115,0.30862726406101,0.740418162344138,"X196900392",0.275469507575167,0.340470437928758,"inc.trend"
"X196900409",0,0,0,0,0,0,0,0,0,0,1,0.302685950413223,0.884297520661157,0.957644628099174,0,0.786157024793388,3.08183829789579e-06,"X196900409",0.885463560135743,2.53571980110955e-05,"increasing"
"X196900424",0,0,0,0,0,0.361344537815126,0.554621848739496,0,1,0,0,0,0,0,0.191596638655462,0,0.299660127153701,"X196900424",-0.143910308914495,0.623547781165821,"dec.trend"
"X196900445",0,0,0,0,0,0,0,0.336276083467095,0.821027287319422,0,0.327447833065811,0.708667736757624,0.596308186195827,1,0.115730337078652,0.658105939004815,0.0055263415837102,"X196900445",0.794434270287455,0.000688323269324823,"increasing"
"X196900473",0,0,0,1,0,0,0,0,0,0.482367758186398,0,0,0,0,0.14823677581864,0,0.405359526690073,"X196900473",-0.205682276707954,0.480536291714631,"dec.trend"
"X196900476",0,0,0,0.881493506493506,0,1,0,0,0,0.712662337662338,0,0,0,0,0.259415584415584,0,0.254644357630039,"X196900476",-0.271401562706235,0.347937035999852,"dec.trend"
"X196900515",0,0,0,0,0.543478260869565,0,0,0,0.835038363171355,0,0,1,0,0.829923273657289,0.137851662404092,0.457480818414322,0.171288039203508,"X196900515",0.450550769994073,0.10593163662038,"inc.trend"
"X196900539",0,0,0,0.201128443411882,0.105874543644208,0,0,0.194822436110189,0,0,0.270162628609359,0.211085297046133,0.461002323265848,1,0.0501825423166279,0.485562562230335,0.00255603487261824,"X196900539",0.776342471503376,0.00109452073524882,"increasing"
"X196900546",0,0,0,0,0.269654088050314,0,0,0,1,0,0.489779874213836,0.364779874213836,0.392295597484277,0.598270440251572,0.126965408805031,0.46128144654088,0.0670416071113314,"X196900546",0.588719210427899,0.0267645413248407,"increasing"
"X196900588",1,0.480603448275862,0.233682266009852,0.766933497536946,0,0.120689655172414,0.335899014778325,0.212746305418719,0.710899014778325,0.27493842364532,0,0,0,0,0.413639162561576,0,0.0264167306187322,"X196900588",-0.631474436329723,0.0154276827177868,"decreasing"
"X196900619",0,0.202838063439065,0,0,0.209515859766277,0.31135225375626,0.548414023372287,0.540066777963272,1,0.651085141903172,0.326377295492487,0.353923205342237,0,0,0.346327212020033,0.170075125208681,0.347680344758812,"X196900619",-0.0403346566224996,0.891108304964476,"dec.trend"
"X196900299",0,1,0,0,0,0,0,0,0,0,0,0,0,0,0.1,0,0.548626727922509,"X196900299",-0.284650946365053,0.323949618562548,"dec.trend"
"X196900373",0,0,0,0,0,0,0,0,0,0,1,0,0,0,0,0.25,0.116756066492439,"X196900373",0.340195410949877,0.233994434121185,"inc.trend"
"X196900384",0,0,0,0,0,0,0,0,0,0,0.990936555891239,0.607250755287009,1,0,0,0.649546827794562,0.000540769338401852,"X196900384",0.699560828436126,0.00535486932619508,"increasing"
"X196900446",0,0.462562396006656,0,0.753743760399334,0.341098169717138,0.369384359400998,1,0,0,0,0,0,0,0,0.292678868552413,0,0.140368569316572,"X196900446",-0.431722208869489,0.123207471277449,"dec.trend"
"X196900461",0,0,0,0,0,0,0,0,1,0,0,0,0,0,0.1,0,0.548626727922509,"X196900461",-0.0389157683265813,0.89491921662938,"dec.trend"
"X196900494",0,0,0,0,0,0,0,0,0,0,0.939393939393939,0,1,0,0,0.484848484848485,0.012725260523982,"X196900494",0.573435561345973,0.0320411072220114,"increasing"
"X196900527",0,0,0,0,0,0,0,0,0,0,0,0.358999037536092,1,0.546679499518768,0,0.476419634263715,0.00223140776283029,"X196900527",0.754495587536219,0.00181850992094744,"increasing"
"X196900533",0,0,0,0,0,0,0,0.289077828646174,0,0,0.623937213865271,0,1,0,0.0289077828646174,0.405984303466318,0.0300087972789309,"X196900533",0.549036775266415,0.0420130440329722,"increasing"
"X196900592",0.856655290102389,0.394766780432309,1,0.532423208191126,0.301478953356086,0,0.390216154721274,0.566552901023891,0,0.465301478953356,0,0,0,0,0.450739476678043,0,0.0176546455392444,"X196900592",-0.694397713288402,0.00585745600383687,"decreasing"
"X196900614",0,0.350184956843403,0,0.627620221948212,0.298397040690506,0,0.517879161528977,0.569667077681874,0.980271270036991,1,0,0.448828606658446,0,0,0.434401972872996,0.112207151664612,0.139779100624656,"X196900614",-0.191478306390615,0.51197851548644,"dec.trend"
"X196900152",0.331466965285554,0.268756998880179,1,0,0,0.230683090705487,0,0,0,0.413213885778276,0,0,0,0,0.22441209406495,0,0.19179235760843,"X196900152",-0.442156174192599,0.113414088724262,"dec.trend"
"X196900188",0,0,1,0.660443407234539,0,0.266044340723454,0,0,0.79463243873979,0,0,0,0,0,0.272112018669778,0,0.20268308777801,"X196900188",-0.363511998678698,0.201396762576715,"dec.trend"
"X196900206",0,1,0,0,0,0,0,0,0,0,0,0,0,0,0.1,0,0.548626727922509,"X196900206",-0.284650946365053,0.323949618562548,"dec.trend"
"X196900256",0,0.493464052287582,0,0,0,0,0,1,0,0,0.663398692810457,0,0,0,0.149346405228758,0.165849673202614,0.93510156898255,"X196900256",0.00890085517212559,0.97590828813367,"inc.trend"
"X196900369",0,0,0,0,0,0,0,0,0,0,0,0,0,1,0,0.25,0.116756066492439,"X196900369",0.513180042858539,0.060554741029776,"inc.trend"
"X196900376",0,0,0,0,0,1,0,0,0,0,0,0,0,0,0.1,0,0.548626727922509,"X196900376",-0.185225199987645,0.526108713288703,"dec.trend"
"X196900388",0.770992366412214,0,0,0,0.493638676844784,0,0,0,0,0,0,0.536895674300254,0,1,0.1264631043257,0.384223918575064,0.222468324463279,"X196900388",0.288337574472057,0.317446098917324,"inc.trend"
"X196900410",0,0,0,0,0,0,0,0,0,0,0,0,0.954887218045113,1,0,0.488721804511278,0.0126946352735304,"X196900410",0.699949854454665,0.00531841233708024,"increasing"
"X196900414",0.53410740203193,0,0,0.923076923076923,0.277213352685051,0,0.782293178519594,0,0,1,0.943396226415094,0,0,0,0.35166908563135,0.235849056603774,0.659738307680608,"X196900414",-0.112359084613559,0.702144165923865,"dec.trend"
"X196900420",0,0,0,0,0,0,0,0,0,0,1,0,0,0,0,0.25,0.116756066492439,"X196900420",0.340195410949877,0.233994434121185,"inc.trend"
"X196900495",0,0,0,0,0,0,0,0,0,0,0,0.344856661045531,0,1,0,0.336214165261383,0.032856557537584,"X196900495",0.617455736163223,0.0186357557942625,"increasing"
"X196900505",0,0,0,0,0,0,0,0,0,0,1,0,0,0,0,0.25,0.116756066492439,"X196900505",0.340195410949877,0.233994434121185,"inc.trend"
"X196900509",0,0,0,0,0,0,0,0,0,0,0,0.514505119453925,1,0,0,0.378626279863481,0.020543786164774,"X196900509",0.57108529024587,0.0329163632560336,"increasing"
"X196900514",0,0,0,0,0,0,0,0.480093676814988,1,0,0,0,0,0,0.148009367681499,0,0.405718220369022,"X196900514",-0.0694344309980456,0.813540429745081,"dec.trend"
"X196900517",0,0,0,0,0,0,0,0,0,0,1,0.340689655172414,0,0.630344827586207,0,0.492758620689655,0.00204040143012237,"X196900517",0.681698842579168,0.00725049286873885,"increasing"
"X196900520",1,0,0,0,0.671905697445973,0,0.677799607072692,0,0,0,0,0,0,0,0.234970530451866,0,0.260742213685767,"X196900520",-0.395501168334486,0.161597427993013,"dec.trend"
"X196900522",0,0,0,0,0,0,0,0,0,0,0.882583170254403,0.428571428571429,0,1,0,0.577788649706458,0.00108484875157453,"X196900522",0.741744684517436,0.0023906073960691,"increasing"
"X196900537",0,0,0,0,0,0,0,0,0,0,1,0.382093316519546,0.873896595208071,0.727616645649433,0,0.745901639344262,6.58170307235673e-07,"X196900537",0.884546944955834,2.65447502688048e-05,"increasing"
"X196900538",0,0,0,0,0.227988878591288,0,0,0,0,0,0.298424467099166,0,0.664504170528267,1,0.0227988878591288,0.490732159406858,0.00441176918908425,"X196900538",0.746094382549191,0.00218142016079595,"increasing"
"X196900590",1,0.886737657308809,0.63891577928364,0.363988383349468,0,0.333978702807357,0.671829622458858,0.498547918683446,0,0,0,0,0,0,0.439399806389158,0,0.0373067737948633,"X196900590",-0.706285983782213,0.00475144397328489,"decreasing"
"X196900594",0.487544483985765,0.385231316725979,1,0,0.2144128113879,0,0.317615658362989,0.395017793594306,0,0.761565836298932,0,0,0,0,0.356138790035587,0,0.0591304483348592,"X196900594",-0.501417778252137,0.0677485431952256,"dec.trend"
"X196900598",0.248057713651498,0.179245283018868,0,0,0.133185349611543,0,0.247502774694784,0.251387347391787,1,0,0,0.264150943396226,0,0,0.205937846836848,0.0660377358490566,0.39549246190439,"X196900598",-0.141262819436647,0.63001508731341,"dec.trend"
"X196900603",0.489570552147239,0,0,0,0,0,0.771779141104294,0.450306748466258,1,0.392638036809816,0.530061349693252,0.406134969325153,0,0,0.310429447852761,0.234049079754601,0.717306257814857,"X196900603",0.0210983862949392,0.942928359399006,"inc.trend"
"X196900608",0.329787234042553,0.274468085106383,1,0,0,0.346808510638298,0.425531914893617,0.527659574468085,0,0.825531914893617,0,0,0,0,0.372978723404255,0,0.0548457616383279,"X196900608",-0.456964396049117,0.100448942160504,"dec.trend"
"X196900620",0,0,1,0,0.255905511811024,0,0,0.37007874015748,0,0,0.431102362204724,0.431102362204724,0.663385826771654,0.683070866141732,0.16259842519685,0.552165354330709,0.0413305791555041,"X196900620",0.496939513536878,0.0706411683495972,"inc.trend"
"X196900631",0,0,0,0.807817589576547,0.457654723127036,0.322475570032573,0.739413680781759,0.618892508143323,1,0.706840390879479,0,0,0,0,0.465309446254072,0,0.0302369005279441,"X196900631",-0.341313365059142,0.23236175953473,"dec.trend"
"X196900169",0,0,0,0,0,0,0,0,0,0,0,0,1,0,0,0.25,0.116756066492439,"X196900169",0.436387799721516,0.118760091191382,"inc.trend"
"X196900212",0,0,0,0,0,0,0,0,0,1,0,0,0,0,0.1,0,0.548626727922509,"X196900212",0.00715957755563218,0.980620455504283,"inc.trend"
"X196900272",0,0,0,0,0,0,0,0,0,0,0.740601503759398,0,1,0,0,0.43515037593985,0.0142273695630094,"X196900272",0.574702390528145,0.0315765622463098,"increasing"
"X196900304",0,0,0,0,0,0,0.639254385964912,0,1,0,0,0,0,0,0.163925438596491,0,0.386332490218897,"X196900304",-0.0904891522395005,0.758353343900069,"dec.trend"
"X196900306",0,0,1,0,0,0,0,0,0,0,0,0,0,0,0.1,0,0.548626727922509,"X196900306",-0.249892352103033,0.388892044312315,"dec.trend"
"X196900332",0,0,0,0,0,0,0,0,0,0,0.478187919463087,0.75,0,1,0,0.557046979865772,0.000867996277863036,"X196900332",0.760701877248496,0.00158259341433741,"increasing"
"X196900375",0,0,0,0,0,0,0,0,0,0,0,0,0,1,0,0.25,0.116756066492439,"X196900375",0.513180042858539,0.060554741029776,"inc.trend"
"X196900381",0,0,0,0,0.739285714285714,0,0,0,0,0,1,0,0,0,0.0739285714285714,0.25,0.373127367185048,"X196900381",0.168810369967971,0.56400177762797,"inc.trend"
"X196900386",0.604961832061069,0.463740458015267,0,1,0,0,0.986641221374046,0,0,0,0,0.511450381679389,0,0,0.305534351145038,0.127862595419847,0.455191607943886,"X196900386",-0.321416539542891,0.262471518497527,"dec.trend"
"X196900393",0.582142857142857,0,0,1,0.676785714285714,0,0,0,0,0.851785714285714,0,0,0,0,0.311071428571429,0,0.169766238662249,"X196900393",-0.374856355569672,0.186636214795585,"dec.trend"
"X196900408",0,0.438356164383562,1,0,0.327245053272451,0.336377473363775,0,0,0,0,0,0,0.788432267884323,0,0.210197869101979,0.197108066971081,0.950068309835765,"X196900408",-0.123828430288179,0.67320315482016,"dec.trend"
"X196900518",0,0,0,0,0,0,0,0,0,0,0.574,0.9015,1,0,0,0.618875,0.000571002662334111,"X196900518",0.706039057147793,0.00477261292232569,"increasing"
"X196900528",0,0,0,0,0,0,0,0,0,0,0.396368190356919,0.39073262366938,0.531621790857858,1,0,0.579680651221039,1.8707479717957e-05,"X196900528",0.894879887190589,1.5477821017171e-05,"increasing"
"X196900531",0,0,0,0,0,0,0,0,0,0,0,0.405660377358491,0.52122641509434,1,0,0.481721698113208,0.00190206973843915,"X196900531",0.78971073863662,0.000780205744291492,"increasing"
"X196900551",0,0.718987341772152,0,0,0.531645569620253,0,0.832911392405063,0,0,0,0,0.612658227848101,1,0,0.208354430379747,0.403164556962025,0.409867001547472,"X196900551",0.188369828976768,0.518981200708552,"inc.trend"
"X196900600",0.598066298342541,0.67817679558011,0,0.998618784530387,0,1,0.553867403314917,0.866022099447514,0,0,0,0,0,0,0.469475138121547,0,0.0546734867197533,"X196900600",-0.578245504250126,0.0303038707304578,"decreasing"
"X196900604",0.994708994708995,0.78042328042328,0,0,0.735449735449735,0.85978835978836,0.923280423280423,1,0,0,0,0,0,0,0.529365079365079,0,0.0454578839508341,"X196900604",-0.581155655147078,0.0292874262581167,"decreasing"
"X196900611",0,0.260869565217391,0,0.828502415458937,0,0.567632850241546,0.552334943639291,0.462962962962963,0,0,0,0,1,0,0.267230273752013,0.25,0.938353664340062,"X196900611",-0.0148109016486286,0.959921080936605,"dec.trend"
"X196900612",0,0.398467432950192,0,0,0.270753512132823,0.241379310344828,0.389527458492976,0,1,0,0.395913154533844,0,0,0,0.230012771392082,0.098978288633461,0.464353261213829,"X196900612",-0.1412930712472,0.629941047579268,"dec.trend"
"X196900166",0,0.558966074313409,1,0,0,0.693053311793215,0,0,0,0,0,0,0,0,0.225201938610662,0,0.267440697981643,"X196900166",-0.432950803287568,0.122025567220371,"dec.trend"
"X196900281",1,0,0,0,0,0,0,0,0,0,0,0,0,0,0.1,0,0.548626727922509,"X196900281",-0.311326146612651,0.27859253733078,"dec.trend"
"X196900374",0.45203488372093,0,0.995639534883721,0,0,0,0,0,1,0,0,0,0,0,0.244767441860465,0,0.278825548557437,"X196900374",-0.310529314873304,0.279889948078039,"dec.trend"
"X196900402",0.597809076682316,0.422535211267606,0,0,0,0,0,0,1,0,0,0,0,0,0.202034428794992,0,0.287101468164652,"X196900402",-0.298289251066439,0.300265518489739,"dec.trend"
"X196900426",0,0,0,0,0,0,0,0,0,0,0,0,0,1,0,0.25,0.116756066492439,"X196900426",0.513180042858539,0.060554741029776,"inc.trend"
"X196900438",0,0,0,0,0,0,0,0,0,0,1,0.435139573070608,0,0,0,0.358784893267652,0.0250886502346497,"X196900438",0.469138310373145,0.0905878385910088,"inc.trend"
"X196900526",0,0,0,0,0,0,0,0,0,0,0,0.543103448275862,0,1,0,0.385775862068966,0.0192912808670374,"X196900526",0.644095308340967,0.0129162722351685,"increasing"
"X196900532",0,0,0,0,0,0,0,0,0,0,0.126935483870968,0.245322580645161,0.369838709677419,1,0,0.435524193548387,0.00260776974534577,"X196900532",0.778288056278156,0.00104337170137614,"increasing"
"X196900547",0,0,0,0,0,0,0,0,0,0,0,0.573226544622426,0.726544622425629,1,0,0.574942791762014,0.000604656065241256,"X196900547",0.821633853928097,0.000312834795773361,"increasing"
"X196900561",0,0,0,0,0,0.233196159122085,0.390946502057613,0,1,0,0,0,0.545953360768176,0,0.16241426611797,0.136488340192044,0.890575278983063,"X196900561",0.10391570087211,0.723694589372949,"inc.trend"
"X196900565",0,0,0,0,0,0,0,0,0,0,0,0.568643379366369,0.476035743298132,1,0,0.511169780666125,0.0012042672735686,"X196900565",0.797560498828255,0.000632439831141096,"increasing"
"X196900571",0,0,0,0,0.318936877076412,0,0.705980066445183,0,1,0,0,0.340531561461794,0,0,0.202491694352159,0.0851328903654485,0.55446551608185,"X196900571",-0.0396358733862559,0.892984859044305,"dec.trend"
"X196900573",0,0,0,0,0.138461538461538,0,0,0,0,0,0,0.318461538461538,0.423076923076923,1,0.0138461538461538,0.435384615384615,0.00566704092343937,"X196900573",0.740837241509732,0.00243618277122671,"increasing"
"X196900580",0,0,0,0,0,0,0,0,0,0,0.329490291262136,0.195388349514563,0.804611650485437,1,0,0.582372572815534,0.000238836034503841,"X196900580",0.850553939722776,0.000115636497225608,"increasing"
"X19690097",0,0,0,0,0,0,0,0,0,0,0,0,0.587174864795261,1,0,0.396793716198815,0.0176772098077684,"X19690097",0.686967684480444,0.00664438518613978,"increasing"
"X196900232",0,0.700440528634361,0,0,0.418502202643172,0,0,1,0,0,0,0,0,0,0.211894273127753,0,0.282673240256616,"X196900232",-0.29251734797688,0.310163320607787,"dec.trend"
"X196900278",1,0,0,0,0,0.222938144329897,0,0,0,0,0,0,0,0,0.12229381443299,0,0.464952124044583,"X196900278",-0.349935140503953,0.220006658984391,"dec.trend"
"X196900362",0,0,0,1,0,0,0,0.658210947930574,0,0,0,0,0,0,0.165821094793057,0,0.384715204005075,"X196900362",-0.237289584968925,0.414017582364815,"dec.trend"
"X196900421",0,0,0,0,0,0,0,0,0,0,0,0.415478615071283,0,1,0,0.353869653767821,0.0265092166573682,"X196900421",0.629583984364515,0.0158337583892751,"increasing"
"X196900444",0,0,0,1,0.276368491321762,0,0,0,0,0,0,0.365821094793057,0,0,0.127636849132176,0.0914552736982644,0.836880412248554,"X196900444",-0.13815781943433,0.637631480367419,"dec.trend"
"X196900506",0,0,0,0,0,0,0,0,0,0,0,0,1,0,0,0.25,0.116756066492439,"X196900506",0.436387799721516,0.118760091191382,"inc.trend"
"X196900535",0,0,0,0,0,0,0,0,0,0,0,1,0,0.931972789115646,0,0.482993197278912,0.0127434345582861,"X196900535",0.638519574868546,0.0139838527707117,"increasing"
"X196900540",0,0,0,0,0,0,0,0,0,0,0,0,0,1,0,0.25,0.116756066492439,"X196900540",0.513180042858539,0.060554741029776,"inc.trend"
"X196900552",0,0,0,0,0,0,0,0,0,0,1,0,0,0,0,0.25,0.116756066492439,"X196900552",0.340195410949877,0.233994434121185,"inc.trend"
"X196900554",0,0,0,0,0,0,0,0,0,0,0,0.986206896551724,0,1,0,0.496551724137931,0.0126612677075985,"X196900554",0.643703097063798,0.0129892606988255,"increasing"
"X196900558",0,0,0,0,0,0,0,0,0,0,0,0.376666666666667,1,0.946666666666667,0,0.580833333333333,0.00147621814443281,"X196900558",0.793054729521985,0.000714209580193823,"increasing"
"X196900563",0,0,0,0,0,0,0,0,0,0,0,0.295341922695738,1,0.938553022794846,0,0.558473736372646,0.00230012984411706,"X196900563",0.77763026387421,0.00106044657781661,"increasing"
"X196900578",0,0,0,0,0,0,0,0,0,0,0.672818791946309,0,0.786912751677852,1,0,0.61493288590604,0.000423036000101249,"X196900578",0.816837648957655,0.000362791362611949,"increasing"
"X196900613",0,0.473913043478261,0,0,0.276811594202899,0,1,0,0,0.517391304347826,0,0,0,0,0.226811594202899,0,0.220245854919158,"X196900613",-0.249737548369562,0.389195674745639,"dec.trend"
"X196900616",0,0.368263473053892,0,0,0.471556886227545,0,0.776946107784431,0,1,0,0,0,0,0,0.261676646706587,0,0.200080344372789,"X196900616",-0.246523578232953,0.395527754935209,"dec.trend"
"X196900624",0,0,0.914414414414414,0,0,0,0,0.677177177177177,1,0,0,0.298798798798799,0,0,0.259159159159159,0.0746996996996997,0.422297304462484,"X196900624",-0.151490522582717,0.605170973854477,"dec.trend"
"X196900630",0,0,0,0.761481481481482,0,0.293333333333333,0,0,1,0.626666666666667,0,0,0,0,0.268148148148148,0,0.199885522787906,"X196900630",-0.201540545012508,0.489608849409482,"dec.trend"
"X196900661",0,0,0,0,0,0,0,0,0,0,0.610810810810811,0.554954954954955,0.672072072072072,1,0,0.709459459459459,4.74085478014525e-08,"X196900661",0.93757643667809,7.46049271716589e-07,"increasing"
"X196900254",0,1,0,0,0,0,0,0,0,0,0,0,0,0,0.1,0,0.548626727922509,"X196900254",-0.284650946365053,0.323949618562548,"dec.trend"
"X196900300",0,1,0,0,0,0,0,0,0,0,0,0,0,0,0.1,0,0.548626727922509,"X196900300",-0.284650946365053,0.323949618562548,"dec.trend"
"X196900322",0,1,0,0,0,0,0,0,0,0,0,0,0,0,0.1,0,0.548626727922509,"X196900322",-0.284650946365053,0.323949618562548,"dec.trend"
"X196900326",0,0,0,0,0,1,0,0,0,0,0,0,0,0,0.1,0,0.548626727922509,"X196900326",-0.185225199987645,0.526108713288703,"dec.trend"
"X196900434",0,0,0,0,0,0,0,0,0,1,0.989733059548255,0,0,0,0.1,0.247433264887064,0.512346059986,"X196900434",0.254377652915737,0.38014915691504,"inc.trend"
"X196900441",0,0,0,0,0.551020408163265,0,0,0,0,0,1,0,0,0,0.0551020408163265,0.25,0.281303404832579,"X196900441",0.214889768745452,0.460656413303983,"inc.trend"
"X196900442",0,0,0,0,0,0,0,0,0,0,0.285400658616905,0,0,1,0,0.321350164654226,0.0400850185994168,"X196900442",0.599128314573637,0.0235628165832596,"increasing"
"X196900452",0,0,0,0,0,0,0,0,0,0,1,0,0,0,0,0.25,0.116756066492439,"X196900452",0.340195410949877,0.233994434121185,"inc.trend"
"X196900519",0,0,0,0,0,0,0,0,1,0,0,0,0,0,0.1,0,0.548626727922509,"X196900519",-0.0389157683265813,0.89491921662938,"dec.trend"
"X196900536",0,0,0,0,0,0,0,0,0,0,0,0,1,0,0,0.25,0.116756066492439,"X196900536",0.436387799721516,0.118760091191382,"inc.trend"
"X196900550",0,0,0,0,0,0,0,0,0,0,0,0,1,0,0,0.25,0.116756066492439,"X196900550",0.436387799721516,0.118760091191382,"inc.trend"
"X196900599",0.740530303030303,0,0,0,0,0,0,0,0,0,0,0.509469696969697,0,1,0.0740530303030303,0.377367424242424,0.128507566946577,"X196900599",0.373585720022008,0.188253930236695,"inc.trend"
"X196900601",0.383152173913043,0,0,0.464673913043478,0,0,0,0,1,0,0,0,0,0,0.184782608695652,0,0.305391633930463,"X196900601",-0.239300555140218,0.409953588462073,"dec.trend"
"X196900623",0,0,1,0,0.347019867549669,0,0.396026490066225,0,0,0,0,0,0,0,0.174304635761589,0,0.321321612876487,"X196900623",-0.33203027743363,0.24613234218259,"dec.trend"
"X196900628",0,0,0,1,0.23026851098454,0,0.441822620016273,0,0,0,0,0,0,0,0.167209113100081,0,0.33947146173894,"X196900628",-0.294130413540521,0.307378586573455,"dec.trend"
"X196900635",0,0,0,0,0.633946830265849,0,0,0,0,0,1,0.597137014314928,0,0,0.0633946830265849,0.399284253578732,0.0828580779782805,"X196900635",0.355494389291117,0.212261685996794,"inc.trend"
"X196900648",0,0,0,0,0,0.428015564202335,0,0,0,0,0.832684824902724,0,0,1,0.0428015564202335,0.458171206225681,0.0329189654367528,"X196900648",0.562119408974481,0.0364188177005341,"increasing"
"X196900655",0,0,0,0,0,0,0,0,0,0,1,0.447971781305115,0,0.700176366843034,0,0.537037037037037,0.00105030131931984,"X196900655",0.711070386117419,0.0043555797873608,"increasing"
"X196900656",0,0,0,0,0,0,0,0,0,0,0.909734513274336,0.543362831858407,0,1,0,0.613274336283186,0.000647631101094217,"X196900656",0.75428584537385,0.00182694394200894,"increasing"
"X196900658",0,0,0,0,0,0,0,0,0,0,0.939953810623557,0.935334872979215,1,0,0,0.718822170900693,0.000279175472604255,"X196900658",0.715508419155967,0.0040119355756185,"increasing"
"X196900662",0,0,0,0,0,0,0,0,0,0,0.807807807807808,0.771771771771772,1,0,0,0.644894894894895,0.000342879363850483,"X196900662",0.716007427922971,0.0039746686101774,"increasing"
"X196900663",0,0,0,0,0,0,0,0,0,0,0.654611211573237,0,1,0.792043399638336,0,0.611663652802893,0.000441776023329301,"X196900663",0.804666968541622,0.000518882061412727,"increasing"
"X196900667",0,0,0,0,0,0,0,0,0,0,0,0.731016731016731,0.687258687258687,1,0,0.604568854568855,0.000436119945027042,"X196900667",0.822966414683494,0.000299989890508731,"increasing"
"X196900672",0,0,0,0,0,0,0,0,0,0,0,0.0581233882166237,0.204324538781988,1,0,0.315611981749653,0.0403378337856856,"X196900672",0.622383674902959,0.0174553501382442,"increasing"
"X196900411",0,0,0,0,0,0,0,0,0,0,1,0,0,0,0,0.25,0.116756066492439,"X196900411",0.340195410949877,0.233994434121185,"inc.trend"
"X196900415",0,0,0,0,0,0,0,0,0,0,0,0,0,1,0,0.25,0.116756066492439,"X196900415",0.513180042858539,0.060554741029776,"inc.trend"
"X196900462",0,0,0,0,0,0,0,0,0,0,1,0,0,0,0,0.25,0.116756066492439,"X196900462",0.340195410949877,0.233994434121185,"inc.trend"
"X196900508",0,1,0,0,0,0,0,0,0,0,0,0,0,0,0.1,0,0.548626727922509,"X196900508",-0.284650946365053,0.323949618562548,"dec.trend"
"X196900511",0,0,0,0,0,0,0,0,0,0,0,1,0,0,0,0.25,0.116756066492439,"X196900511",0.360403895985936,0.205565975281046,"inc.trend"
"X196900542",0,0,0,0,0,0,0,0,0,0,0,1,0,0,0,0.25,0.116756066492439,"X196900542",0.360403895985936,0.205565975281046,"inc.trend"
"X196900564",0,0,0,0,0,0,0,0,0,0,0,0,1,0,0,0.25,0.116756066492439,"X196900564",0.436387799721516,0.118760091191382,"inc.trend"
"X196900568",0,0,0,0,0,0,0,0,0,0,0,0,1,0,0,0.25,0.116756066492439,"X196900568",0.436387799721516,0.118760091191382,"inc.trend"
"X196900581",0,0,0,0,1,0,0,0,0,0,0,0,0,0,0.1,0,0.548626727922509,"X196900581",-0.18684187879053,0.522438983668874,"dec.trend"
"X196900593",1,0.840304182509506,0,0,0,0,0,0,0,0,0,0,0,0,0.184030418250951,0,0.374947902132562,"X196900593",-0.438409344261395,0.116867453014377,"dec.trend"
"X196900595",0.697802197802198,0,0,1,0,0,0,0,0,0,0,0,0,0,0.16978021978022,0,0.381743905278994,"X196900595",-0.376379835153538,0.184708374726188,"dec.trend"
"X196900609",1,0,0,0,0.623376623376623,0,0,0,0,0,0,0,0,0,0.162337662337662,0,0.387789549166702,"X196900609",-0.376263292267557,0.184855396701339,"dec.trend"
"X196900610",0,1,0,0,0.939393939393939,0,0,0,0,0,0,0,0,0,0.193939393939394,0,0.373066093117972,"X196900610",-0.349060081671224,0.221241569871846,"dec.trend"
"X196900617",0,0.353103448275862,0,0,1,0,0,0,0,0,0,0,0,0,0.135310344827586,0,0.430125685855159,"X196900617",-0.277748218858851,0.336327223385963,"dec.trend"
"X196900634",0,0,0,0,0.397207137315749,0,1,0,0,0,0,0,0,0,0.139720713731575,0,0.42063691857051,"X196900634",-0.16746550919045,0.567156038242054,"dec.trend"
"X196900636",0,0,0,0,1,0,0,0,0,0,0,0.889655172413793,0,0,0.1,0.222413793103448,0.568408982500144,"X196900636",0.104012552381778,0.723446275230657,"inc.trend"
"X196900639",0,0,0,0,0.653631284916201,0,0,0,0,1,0,0,0,0,0.16536312849162,0,0.385093991597379,"X196900639",-0.0998131056386051,0.734236017058737,"dec.trend"
"X196900642",0,0,0,0,0.60377358490566,0,0,0,0,1,0,0,0,0,0.160377358490566,0,0.389722409092936,"X196900642",-0.093688760051308,0.750053023667259,"dec.trend"
"X196900644",0,0,0,0,0.812182741116751,0,0,0,0,0,0,1,0,0,0.0812182741116751,0.25,0.410586797474451,"X196900644",0.168428950731026,0.564895619168863,"inc.trend"
"X196900657",0,0,0,0,0,0,0,0,0,0,1,0,0.874418604651163,0,0,0.468604651162791,0.0129686516427162,"X196900657",0.565328315705696,0.0351351121284105,"increasing"
"X196900664",0,0,0,0,0,0,0,0,0,0,1,0.825783972125436,0,0,0,0.456445993031359,0.0132916508897067,"X196900664",0.511498441091705,0.0615479779614099,"inc.trend"
"X196900668",0,0,0,0,0,0,0,0,0,0,0,0.751693002257336,1,0,0,0.437923250564334,0.0140744469688879,"X196900668",0.58750352873087,0.0271586520584892,"increasing"
"X196900671",0,0,0,0,0,0,0,0,0,0,0,0.769138755980861,0,1,0,0.442284688995215,0.0138541430636619,"X196900671",0.65117655059769,0.0116517054312405,"increasing"
"X196900674",0,0,0,0,0,0,0,0,0,0,0,0.63254593175853,1,0,0,0.408136482939633,0.0163513253249636,"X196900674",0.582055704060404,0.0289782685726696,"increasing"
"X196900677",0,0,0,0,0,0,0,0,0,0,0,0,1,0.849898580121704,0,0.462474645030426,0.0131148112867082,"X196900677",0.691626028940068,0.00614200827874029,"increasing"
"X196900602",1,0,0,0,0,0,0,0,0,0,0,0,0,0,0.1,0,0.548626727922509,"X196900602",-0.311326146612651,0.27859253733078,"dec.trend"
"X196900607",1,0,0,0,0,0,0,0,0,0,0,0,0,0,0.1,0,0.548626727922509,"X196900607",-0.311326146612651,0.27859253733078,"dec.trend"
"X196900615",0,1,0,0,0,0,0,0,0,0,0,0,0,0,0.1,0,0.548626727922509,"X196900615",-0.284650946365053,0.323949618562548,"dec.trend"
"X196900621",0,0,1,0,0,0,0,0,0,0,0,0,0,0,0.1,0,0.548626727922509,"X196900621",-0.249892352103033,0.388892044312315,"dec.trend"
"X196900622",0,0,1,0,0,0,0,0,0,0,0,0,0,0,0.1,0,0.548626727922509,"X196900622",-0.249892352103033,0.388892044312315,"dec.trend"
"X196900625",0,0,1,0,0,0,0,0,0,0,0,0,0,0,0.1,0,0.548626727922509,"X196900625",-0.249892352103033,0.388892044312315,"dec.trend"
"X196900626",0,0,1,0,0,0,0,0,0,0,0,0,0,0,0.1,0,0.548626727922509,"X196900626",-0.249892352103033,0.388892044312315,"dec.trend"
"X196900627",0,0,1,0,0,0,0,0,0,0,0,0,0,0,0.1,0,0.548626727922509,"X196900627",-0.249892352103033,0.388892044312315,"dec.trend"
"X196900629",0,0,0,1,0,0,0,0,0,0,0,0,0,0,0.1,0,0.548626727922509,"X196900629",-0.22483383065832,0.439644925529,"dec.trend"
"X196900632",0,0,0,1,0,0,0,0,0,0,0,0,0,0,0.1,0,0.548626727922509,"X196900632",-0.22483383065832,0.439644925529,"dec.trend"
"X196900633",0,0,0,1,0,0,0,0,0,0,0,0,0,0,0.1,0,0.548626727922509,"X196900633",-0.22483383065832,0.439644925529,"dec.trend"
"X196900637",0,0,0,0,1,0,0,0,0,0,0,0,0,0,0.1,0,0.548626727922509,"X196900637",-0.18684187879053,0.522438983668874,"dec.trend"
"X196900638",0,0,0,0,1,0,0,0,0,0,0,0,0,0,0.1,0,0.548626727922509,"X196900638",-0.18684187879053,0.522438983668874,"dec.trend"
"X196900640",0,0,0,0,1,0,0,0,0,0,0,0,0,0,0.1,0,0.548626727922509,"X196900640",-0.18684187879053,0.522438983668874,"dec.trend"
"X196900641",0,0,0,0,1,0,0,0,0,0,0,0,0,0,0.1,0,0.548626727922509,"X196900641",-0.18684187879053,0.522438983668874,"dec.trend"
"X196900643",0,0,0,0,1,0,0,0,0,0,0,0,0,0,0.1,0,0.548626727922509,"X196900643",-0.18684187879053,0.522438983668874,"dec.trend"
"X196900645",0,0,0,0,1,0,0,0,0,0,0,0,0,0,0.1,0,0.548626727922509,"X196900645",-0.18684187879053,0.522438983668874,"dec.trend"
"X196900646",0,0,0,0,1,0,0,0,0,0,0,0,0,0,0.1,0,0.548626727922509,"X196900646",-0.18684187879053,0.522438983668874,"dec.trend"
"X196900647",0,0,0,0,0,1,0,0,0,0,0,0,0,0,0.1,0,0.548626727922509,"X196900647",-0.185225199987645,0.526108713288703,"dec.trend"
"X196900649",0,0,0,0,0,0,1,0,0,0,0,0,0,0,0.1,0,0.548626727922509,"X196900649",-0.101157902237642,0.730775730770833,"dec.trend"
"X196900652",0,0,0,0,0,0,0,1,0,0,0,0,0,0,0.1,0,0.548626727922509,"X196900652",-0.0744827019900444,0.800224904140219,"dec.trend"
"X196900653",0,0,0,0,0,0,0,0,1,0,0,0,0,0,0.1,0,0.548626727922509,"X196900653",-0.0389157683265813,0.89491921662938,"dec.trend"
"X196900654",0,0,0,0,0,0,0,0,0,1,0,0,0,0,0.1,0,0.548626727922509,"X196900654",0.00715957755563218,0.980620455504283,"inc.trend"
"X196900659",0,0,0,0,0,0,0,0,0,0,1,0,0,0,0,0.25,0.116756066492439,"X196900659",0.340195410949877,0.233994434121185,"inc.trend"
"X196900660",0,0,0,0,0,0,0,0,0,0,1,0,0,0,0,0.25,0.116756066492439,"X196900660",0.340195410949877,0.233994434121185,"inc.trend"
"X196900665",0,0,0,0,0,0,0,0,0,0,1,0,0,0,0,0.25,0.116756066492439,"X196900665",0.340195410949877,0.233994434121185,"inc.trend"
"X196900666",0,0,0,0,0,0,0,0,0,0,1,0,0,0,0,0.25,0.116756066492439,"X196900666",0.340195410949877,0.233994434121185,"inc.trend"
"X196900669",0,0,0,0,0,0,0,0,0,0,0,1,0,0,0,0.25,0.116756066492439,"X196900669",0.360403895985936,0.205565975281046,"inc.trend"
"X196900670",0,0,0,0,0,0,0,0,0,0,0,1,0,0,0,0.25,0.116756066492439,"X196900670",0.360403895985936,0.205565975281046,"inc.trend"
"X196900673",0,0,0,0,0,0,0,0,0,0,0,1,0,0,0,0.25,0.116756066492439,"X196900673",0.360403895985936,0.205565975281046,"inc.trend"
"X196900675",0,0,0,0,0,0,0,0,0,0,0,1,0,0,0,0.25,0.116756066492439,"X196900675",0.360403895985936,0.205565975281046,"inc.trend"
"X196900676",0,0,0,0,0,0,0,0,0,0,0,1,0,0,0,0.25,0.116756066492439,"X196900676",0.360403895985936,0.205565975281046,"inc.trend"
"X196900678",0,0,0,0,0,0,0,0,0,0,0,0,1,0,0,0.25,0.116756066492439,"X196900678",0.436387799721516,0.118760091191382,"inc.trend"
"X196900679",0,0,0,0,0,0,0,0,0,0,0,0,1,0,0,0.25,0.116756066492439,"X196900679",0.436387799721516,0.118760091191382,"inc.trend"
"X196900680",0,0,0,0,0,0,0,0,0,0,0,0,1,0,0,0.25,0.116756066492439,"X196900680",0.436387799721516,0.118760091191382,"inc.trend"
"X196900681",0,0,0,0,0,0,0,0,0,0,0,0,1,0,0,0.25,0.116756066492439,"X196900681",0.436387799721516,0.118760091191382,"inc.trend"
"X196900682",0,0,0,0,0,0,0,0,0,0,0,0,1,0,0,0.25,0.116756066492439,"X196900682",0.436387799721516,0.118760091191382,"inc.trend"
"X196900683",0,0,0,0,0,0,0,0,0,0,0,0,1,0,0,0.25,0.116756066492439,"X196900683",0.436387799721516,0.118760091191382,"inc.trend"
"X196900684",0,0,0,0,0,0,0,0,0,0,0,0,1,0,0,0.25,0.116756066492439,"X196900684",0.436387799721516,0.118760091191382,"inc.trend"
"X196900685",0,0,0,0,0,0,0,0,0,0,0,0,1,0,0,0.25,0.116756066492439,"X196900685",0.436387799721516,0.118760091191382,"inc.trend"
"X196900686",0,0,0,0,0,0,0,0,0,0,0,0,0,1,0,0.25,0.116756066492439,"X196900686",0.513180042858539,0.060554741029776,"inc.trend"
"X196900687",0,0,0,0,0,0,0,0,0,0,0,0,0,1,0,0.25,0.116756066492439,"X196900687",0.513180042858539,0.060554741029776,"inc.trend"
"X196900688",0,0,0,0,0,0,0,0,0,0,0,0,0,1,0,0.25,0.116756066492439,"X196900688",0.513180042858539,0.060554741029776,"inc.trend"
"X196900689",0,0,0,0,0,0,0,0,0,0,0,0,0,1,0,0.25,0.116756066492439,"X196900689",0.513180042858539,0.060554741029776,"inc.trend"
"X196900690",0,0,0,0,0,0,0,0,0,0,0,0,0,1,0,0.25,0.116756066492439,"X196900690",0.513180042858539,0.060554741029776,"inc.trend"
"X196900691",0,0,0,0,0,0,0,0,0,0,0,0,0,1,0,0.25,0.116756066492439,"X196900691",0.513180042858539,0.060554741029776,"inc.trend"
"X196900692",0,0,0,0,0,0,0,0,0,0,0,0,0,1,0,0.25,0.116756066492439,"X196900692",0.513180042858539,0.060554741029776,"inc.trend"
