"XOTU","barettin_estimate_P","barettin_p_val_P","barettin_estimate_S","barettin_p_val_S","barettin_fdr_P","barettin_fdr_S"
"X1969004",0.376853270249503,0.357449921370441,-0.0238095238095238,0.976785714285714,0.90152469520975,0.985430095467628
"X196900135",-0.00594259112218347,0.988857903966847,0.0476190476190476,0.934871031746032,0.994160091119484,0.976536593049476
"X196900136",-0.419488795554387,0.300859590171031,0.119047619047619,0.793005952380952,0.90152469520975,0.957666066188054
"X196900143",0.0532523352610789,0.900340477754903,-0.30952380952381,0.461805555555556,0.943094075860582,0.921569248648886
"X196900145",0.658999524312356,0.0755064874190465,0.523809523809524,0.196626984126984,0.832792140651248,0.790711059964901
"X196900148",-0.165760811024027,0.694844739411618,-0.333333333333333,0.427876984126984,0.90152469520975,0.921569248648886
"X196900154",-0.210642780119278,0.616572150649002,-0.214285714285714,0.619097222222222,0.90152469520975,0.9553969478738
"X196900157",-0.0667428128750297,0.875228370129435,-0.0238095238095238,0.976785714285714,0.929775180732403,0.985430095467628
"X196900160",0.476263406823638,0.232853781626965,0.428571428571429,0.299206349206349,0.90152469520975,0.790711059964901
"X196900162",-0.00353991112763286,0.993362722083634,-0.476190476190476,0.243055555555556,0.99559840296092,0.790711059964901
"X196900164",-0.0694315515316782,0.870233625146548,0.238095238095238,0.582142857142857,0.927095481335101,0.934075049525024
"X196900168",-0.383058043877623,0.348932643478118,-0.428571428571429,0.299206349206349,0.90152469520975,0.790711059964901
"X196900171",0.567841230499208,0.142029298953203,0.30952380952381,0.461805555555556,0.90152469520975,0.921569248648886
"X196900178",0.829178571660168,0.0109194433641819,0.166666666666667,0.703323412698413,0.20473956307841,0.957666066188054
"X196900179",-0.0570369357120935,0.893287460730458,-0.214285714285714,0.619097222222222,0.943094075860582,0.9553969478738
"X196900199",0.233426690690776,0.577963766104658,-0.0238095238095238,0.976785714285714,0.90152469520975,0.985430095467628
"X196900215",0.236749624141392,0.572402920292126,0.0714285714285714,0.881994047619048,0.90152469520975,0.964279206580592
"X196900224",0.285076872425769,0.493734632299884,-0.0476190476190476,0.934871031746032,0.90152469520975,0.976536593049476
"X196900235",0.186524540724414,0.658293633111542,-0.166666666666667,0.703323412698413,0.90152469520975,0.957666066188054
"X196900250",0.343833541775555,0.404320684024177,0.333333333333333,0.427876984126984,0.90152469520975,0.921569248648886
"X196900138",0.03804105298196,0.928741808326934,0.428571428571429,0.299206349206349,0.962094414703315,0.790711059964901
"X196900155",0.0413823988008071,0.922496541087222,0.452380952380952,0.267460317460317,0.96074186131071,0.790711059964901
"X196900156",0.0123456846373014,0.976854193296255,0.142857142857143,0.75203373015873,0.987386313978694,0.957666066188054
"X196900176",0.480309360539046,0.228341428762542,0.452380952380952,0.267460317460317,0.90152469520975,0.790711059964901
"X196900185",-0.0797932929727403,0.85102141450803,-0.0476190476190476,0.934871031746032,0.927095481335101,0.976536593049476
"X196900189",0.818569543229056,0.0129724721866146,0.404761904761905,0.326835317460317,0.221121684999113,0.817088293650794
"X196900198",-0.323131117646305,0.434982238611801,-0.333333333333333,0.427876984126984,0.90152469520975,0.921569248648886
"X196900214",-0.409858854843367,0.313239819028914,-0.30952380952381,0.461805555555556,0.90152469520975,0.921569248648886
"X196900219",0.500331682710175,0.206681583109376,-0.0476190476190476,0.934871031746032,0.90152469520975,0.976536593049476
"X196900221",0.604188600404525,0.112648411091546,0.452380952380952,0.267460317460317,0.90152469520975,0.790711059964901
"X196900239",0.204409920415865,0.627273753843174,-0.142857142857143,0.75203373015873,0.90152469520975,0.957666066188054
"X196900274",0.767762781277164,0.0261129419884692,-0.0476190476190476,0.934871031746032,0.425754488942432,0.976536593049476
"X196900330",-0.244683647218531,0.559200806556104,-0.547619047619048,0.170982142857143,0.90152469520975,0.790711059964901
"X196900337",-0.311957622092933,0.451920228821716,-0.238095238095238,0.582142857142857,0.90152469520975,0.934075049525024
"X196900141",-0.429472886105753,0.288277938780056,-0.166666666666667,0.703323412698413,0.90152469520975,0.957666066188054
"X196900150",-0.247850503429093,0.553961351002424,0.166666666666667,0.703323412698413,0.90152469520975,0.957666066188054
"X196900151",-0.343454795626148,0.40487301160309,-0.0952380952380952,0.840128968253968,0.90152469520975,0.957666066188054
"X196900153",-0.240862562565804,0.565545676180518,-0.0238095238095238,0.976785714285714,0.90152469520975,0.985430095467628
"X196900159",-0.10182529580724,0.810393170978177,0.333333333333333,0.427876984126984,0.927095481335101,0.921569248648886
"X196900269",0.450659650773445,0.262450389777653,0.119047619047619,0.793005952380952,0.90152469520975,0.957666066188054
"X196900288",0.758533909346748,0.029130855979917,0.0476190476190476,0.934871031746032,0.436962839698755,0.976536593049476
"X196900139",-0.208738370537552,0.619835806051345,-0.0238095238095238,0.976785714285714,0.90152469520975,0.985430095467628
"X196900197",0.176317406725551,0.676192617952399,0.452380952380952,0.267460317460317,0.90152469520975,0.790711059964901
"X196900210",0.0217848324136797,0.959166360662305,-0.333333333333333,0.427876984126984,0.975267576323877,0.921569248648886
"X196900217",-0.296282494221626,0.476124975836701,-0.238095238095238,0.582142857142857,0.90152469520975,0.934075049525024
"X196900242",0.504719791955913,0.202084703049965,-0.142857142857143,0.75203373015873,0.90152469520975,0.957666066188054
"X196900246",-0.232647679219093,0.579270075494663,0.0476190476190476,0.934871031746032,0.90152469520975,0.976536593049476
"X196900280",0.624344322898679,0.0979951292403314,-0.142857142857143,0.75203373015873,0.90152469520975,0.957666066188054
"X196900286",-0.38751112542151,0.342878021496519,-0.574860605718364,0.136058262388092,0.90152469520975,0.790711059964901
"X196900344",0.0313337658458231,0.941287632267972,-0.191620201906121,0.649410201122453,0.966999530630992,0.957666066188054
"X196900172",-0.433893953564906,0.282790090259333,0.0239525252382652,0.955106189878913,0.90152469520975,0.978592407662821
"X196900201",0.0586990478526266,0.890191839148892,-0.131738888810459,0.755832636259335,0.942999829606877,0.957666066188054
"X196900208",-0.319278993932257,0.440791464018912,-0.266356801951717,0.523699417576859,0.90152469520975,0.921569248648886
"X196900218",0.0546400733494598,0.89775359232612,0.299406565478315,0.471260528701558,0.943094075860582,0.921569248648886
"X196900230",0.0299958319641674,0.943791541895848,0.227548989763519,0.587844564501082,0.966999530630992,0.934075049525024
"X196900234",0.00234752704546016,0.99559840296092,-0.0952380952380952,0.840128968253968,0.99559840296092,0.957666066188054
"X196900180",0.743589321871085,0.0344559917854523,0.333333333333333,0.427876984126984,0.461464175698022,0.921569248648886
"X196900181",-0.312182110819548,0.451577304415819,0.0487950036474267,0.908654487655341,0.90152469520975,0.976536593049476
"X196900184",0.511588400000023,0.194998425447008,0.0119762626191326,0.977546654703887,0.90152469520975,0.985430095467628
"X196900195",0.364521314145358,0.374654115039218,0.0952380952380952,0.840128968253968,0.90152469520975,0.957666066188054
"X196900204",-0.470930358345347,0.238870642614025,0.0718575757147955,0.865730123834001,0.90152469520975,0.957666066188054
"X196900209",-0.377243512233186,0.356911475213165,0.155691414048724,0.712761707999163,0.90152469520975,0.957666066188054
"X196900236",-0.26327071205306,0.528702724216516,-0.619047619047619,0.114980158730159,0.90152469520975,0.790711059964901
"X196900237",0.136944908972324,0.746420549185403,0.119047619047619,0.793005952380952,0.905850181050246,0.957666066188054
"X196900241",0.108992044037804,0.797252581502618,0.347311615954845,0.399263874203282,0.927095481335101,0.921569248648886
"X196900249",0.408866067501717,0.314529686061693,0.514979292622701,0.191549313415866,0.90152469520975,0.790711059964901
"X196900279",-0.429481431804672,0.28826728142652,-0.14638501094228,0.729423924959387,0.90152469520975,0.957666066188054
"X196900289",0.151315544603022,0.720584331887378,0.179643939286989,0.670344277246939,0.90152469520975,0.957666066188054
"X196900295",-0.336382384275753,0.415246327159748,-0.317091430894901,0.444104660971675,0.90152469520975,0.921569248648886
"X196900356",-0.176166696935881,0.676457916806288,-0.59881313095663,0.116753544057968,0.90152469520975,0.790711059964901
"X196900377",-0.393836097211686,0.334362562145443,-0.481978974960249,0.22649256280418,0.90152469520975,0.790711059964901
"X196900140",-0.310705664173383,0.453834644507597,0.0487950036474267,0.908654487655341,0.90152469520975,0.976536593049476
"X196900192",-0.0832834923885422,0.844564031696433,-0.238095238095238,0.582142857142857,0.927095481335101,0.934075049525024
"X196900227",-0.428769722592489,0.289155512146647,-0.14638501094228,0.729423924959387,0.90152469520975,0.957666066188054
"X196900228",-0.147578194673943,0.727282325767189,-0.0359287878573978,0.932691474909088,0.90152469520975,0.976536593049476
"X196900287",-0.459769469487935,0.251715132985651,-0.707527552887687,0.0496282607348612,0.90152469520975,0.790711059964901
"X196900354",-0.228553596743067,0.586151758086248,-0.333333333333333,0.427876984126984,0.90152469520975,0.921569248648886
"X196900158",-0.486095400839877,0.221967263379666,0,1,0.90152469520975,1
"X196900182",0.641789228948112,0.0862498247470984,0.619047619047619,0.114980158730159,0.90152469520975,0.790711059964901
"X196900183",0.042033094977562,0.921280726810292,0,1,0.96074186131071,1
"X196900226",-0.221150933512839,0.598663619220397,0.119047619047619,0.793005952380952,0.90152469520975,0.957666066188054
"X196900252",-0.0173044671699017,0.967560600635786,0.268372520060847,0.520440977682338,0.980635743887621,0.921569248648886
"X196900335",-0.167103710223135,0.692464364292635,-0.730552019767088,0.0395556279042976,0.90152469520975,0.74166802320558
"X196900338",0.84131171279644,0.00883894917894997,0.291724116423309,0.48325820802848,0.174452944321381,0.921569248648886
"X196900146",-0.105867532339396,0.802976585243866,0.5,0.216170634920635,0.927095481335101,0.790711059964901
"X196900186",0.140413327907987,0.740165011669774,0.0714285714285714,0.881994047619048,0.90152469520975,0.964279206580592
"X196900196",0.515189748217873,0.191336319319902,0.32335909071658,0.434639448550857,0.90152469520975,0.921569248648886
"X196900202",-0.271229703758604,0.515835309572083,-0.114152915122164,0.787815407605202,0.90152469520975,0.957666066188054
"X196900203",-0.0902957309684151,0.831613515853563,0.107786363572193,0.799460426618421,0.927095481335101,0.957666066188054
"X196900225",-0.15760068860322,0.709355351293905,0.0714285714285714,0.881994047619048,0.90152469520975,0.964279206580592
"X196900341",0.477586613053578,0.231373059582206,-0.0243975018237133,0.95427283374209,0.90152469520975,0.978592407662821
"X196900191",-0.232575037162363,0.579391938663799,0.119047619047619,0.793005952380952,0.90152469520975,0.957666066188054
"X196900211",0.338069164719665,0.412762048229193,0.550908080480099,0.157018421997891,0.90152469520975,0.790711059964901
"X196900229",-0.425353816655085,0.293437128506886,-0.285714285714286,0.500793650793651,0.90152469520975,0.921569248648886
"X196900255",0.687187272945005,0.0596933345367337,0.58554004376912,0.127246589863721,0.699531264102348,0.790711059964901
"X196900263",0.145720532326443,0.730617235695938,0.07319250547114,0.863253392920131,0.90152469520975,0.957666066188054
"X196900283",0.284493285332407,0.494658566470875,0.177571201301144,0.673986656997567,0.90152469520975,0.957666066188054
"X196900161",0.414355158578956,0.307429664864979,0.268372520060847,0.520440977682338,0.90152469520975,0.921569248648886
"X196900223",-0.240302040107868,0.566478515534565,-0.0761019434147761,0.857858829938711,0.90152469520975,0.957666066188054
"X196900260",0.857234349123779,0.00651794962245993,0.51234753829798,0.194223421359995,0.14377830049544,0.790711059964901
"X196900303",-0.329322733446059,0.425712534086455,-0.19025485853694,0.651786959880265,0.90152469520975,0.957666066188054
"X196900318",0.264266193519568,0.527086884602899,-0.0243975018237133,0.95427283374209,0.90152469520975,0.978592407662821
"X196900347",0.54334228448965,0.163982478602937,0.342458745366493,0.40632711209188,0.90152469520975,0.921569248648886
"X196900366",0.0215195520312038,0.959663295102695,-0.266356801951717,0.523699417576859,0.975267576323877,0.921569248648886
"X196900401",-0.327765191117546,0.428036490656424,-0.355142402602289,0.387980339123929,0.90152469520975,0.921569248648886
"X196900149",-0.325504372885737,0.431419247036887,0.0952380952380952,0.840128968253968,0.90152469520975,0.957666066188054
"X196900163",-0.184889597073187,0.661151355403602,0.0476190476190476,0.934871031746032,0.90152469520975,0.976536593049476
"X196900292",0.149534333667149,0.723774668347202,-0.07319250547114,0.863253392920131,0.90152469520975,0.957666066188054
"X196900305",-0.278809975750318,0.503691123105555,-0.30004959907449,0.470261740655634,0.90152469520975,0.921569248648886
"X196900339",0.0071777784711467,0.986542127612909,-0.304407773659105,0.463514822761607,0.994160091119484,0.921569248648886
"X196900349",0.415425041739694,0.306054806773486,0.12683657235796,0.764719723698565,0.90152469520975,0.957666066188054
"X196900458",-0.398085069800237,0.328698068446596,-0.583448232846617,0.128946630491157,0.90152469520975,0.790711059964901
"X1969000",-0.16645363775007,0.693616386200802,-0.0824786098842323,0.846052523866644,0.90152469520975,0.957666066188054
"X196900190",-0.341652924512782,0.407505149235262,-0.0952380952380952,0.840128968253968,0.90152469520975,0.957666066188054
"X196900193",0.193913193377902,0.645424428703526,0.547619047619048,0.170982142857143,0.90152469520975,0.790711059964901
"X196900205",0.0318440754863306,0.940332710346429,0.443121716907906,0.271502386922575,0.966999530630992,0.790711059964901
"X196900265",-0.348602138296431,0.397394607219577,-0.0380509717073881,0.928723264517836,0.90152469520975,0.976536593049476
"X196900277",-0.172133719563224,0.68356801118283,-0.0311739843194275,0.941586637631995,0.90152469520975,0.978592407662821
"X196900302",0.88748154463102,0.00326754971140255,0.627376434428478,0.0958914444893229,0.0875236529839969,0.790711059964901
"X196900323",-0.334756371870005,0.417647133622071,-0.291724116423309,0.48325820802848,0.90152469520975,0.921569248648886
"X196900340",0.713955757781477,0.0466767937278671,0.218217890235992,0.603645056510136,0.583459921598339,0.939281726934859
"X196900348",0.289825378432297,0.486241772189225,-0.245495126515491,0.557856585182126,0.90152469520975,0.921569248648886
"X196900370",-0.405074939914265,0.319478390272094,-0.710284805204577,0.0483489344439158,0.90152469520975,0.790711059964901
"X196900475",-0.20702858370557,0.622770557088067,-0.0467609764791412,0.912450894053421,0.90152469520975,0.976536593049476
"X196900496",-0.23905590689833,0.568554280174591,-0.514370741270553,0.192165912271177,0.90152469520975,0.790711059964901
"X19690015",-0.16645363775007,0.693616386200802,-0.0824786098842323,0.846052523866644,0.90152469520975,0.957666066188054
"X196900175",-0.279957174346266,0.501862813890334,0.0487950036474267,0.908654487655341,0.90152469520975,0.976536593049476
"X196900233",0.115424427503362,0.785493736106252,0.523809523809524,0.196626984126984,0.923386053416441,0.790711059964901
"X196900266",-0.0401101111470182,0.92487416515511,0.317167523708273,0.443989241632351,0.96074186131071,0.921569248648886
"X196900271",0.418705457654773,0.301857707673179,0.121987509118567,0.773532403327246,0.90152469520975,0.957666066188054
"X196900291",0.682369894708372,0.0622409362909009,0.545544725589981,0.161938228466284,0.707283366942056,0.790711059964901
"X196900293",0.346402255667462,0.40058333587686,0.621499204554005,0.0999929658509141,0.90152469520975,0.790711059964901
"X196900307",-0.248017645513691,0.553685304534085,-0.109108945117996,0.797038574188192,0.90152469520975,0.957666066188054
"X196900314",-0.343025929037474,0.405498823550433,-0.202938515772736,0.629808489737719,0.90152469520975,0.95699212303702
"X196900316",-0.401343883377677,0.324384319454881,-0.463552534650553,0.247323262807286,0.90152469520975,0.790711059964901
"X196900320",0.450156654363404,0.263049666176499,0.251501515001784,0.547942603559827,0.90152469520975,0.921569248648886
"X196900350",0.468394166113303,0.241759481553868,-0.0761019434147761,0.857858829938711,0.90152469520975,0.957666066188054
"X196900398",-0.168375677696468,0.690211745961324,-0.577350269189626,0.133974596215561,0.90152469520975,0.790711059964901
"X196900400",-0.254718146731175,0.542659444532757,-0.452022772631699,0.260829775702136,0.90152469520975,0.790711059964901
"X196900406",-0.334125267115345,0.418580548444249,-0.87287156094397,0.00465921494399392,0.90152469520975,0.74166802320558
"X196900465",-0.331036295752402,0.42316195758703,-0.177571201301144,0.673986656997567,0.90152469520975,0.957666066188054
"X196900469",-0.356680609377107,0.385780607862516,-0.253673144715921,0.544373791540533,0.90152469520975,0.921569248648886
"X196900507",-0.166913813459563,0.69280083552021,-0.247435829652697,0.554646423221937,0.90152469520975,0.921569248648886
"X196900137",0.253972373222859,0.54388270217873,0.32335909071658,0.434639448550857,0.90152469520975,0.921569248648886
"X196900144",0.818942524186613,0.0128964808585168,0.761019434147762,0.028298006198554,0.221121684999113,0.74166802320558
"X196900187",-0.302848021253366,0.46592498790935,-0.0975900072948533,0.818177202735276,0.90152469520975,0.957666066188054
"X196900194",-0.031743882442056,0.940520192692906,0.0958101009530607,0.821452403250453,0.966999530630992,0.957666066188054
"X196900259",-0.314998779490023,0.447283689021055,-0.357142857142857,0.389384920634921,0.90152469520975,0.921569248648886
"X196900319",-0.556479018165541,0.151995849077055,-0.778457070243618,0.0228673339697368,0.90152469520975,0.74166802320558
"X196900355",0.996311413312483,1.25117415975872e-07,0.577350269189626,0.133974596215561,4.26536645372368e-06,0.790711059964901
"X196900361",0.447566953063123,0.26614584184569,0.311739843194275,0.452253005141476,0.90152469520975,0.921569248648886
"X196900454",-0.243191397896954,0.561675691530734,-0.43915503282684,0.276326840133746,0.90152469520975,0.790711059964901
"X196900167",-0.32012993269121,0.439505442763133,-0.14638501094228,0.729423924959387,0.90152469520975,0.957666066188054
"X196900213",0.863285239314117,0.0057511915647232,0.791039852105473,0.0193848405445711,0.1347935522982,0.74166802320558
"X196900222",0.0997951294056839,0.814122753701956,0.487950036474267,0.219943819241819,0.927095481335101,0.790711059964901
"X196900262",-0.311968852270993,0.451903071300937,0.0634182861789801,0.881409154574204,0.90152469520975,0.964279206580592
"X196900282",-0.759299920200853,0.0288725939861231,-0.261904761904762,0.53640873015873,0.436962839698755,0.921569248648886
"X196900296",0.474744207152439,0.234559790907481,0.646866519025597,0.082993624633694,0.90152469520975,0.790711059964901
"X196900308",-0.0700655581867285,0.869056400940729,0.412393049421161,0.309958735506241,0.927095481335101,0.790711059964901
"X196900312",-0.391340681734082,0.337710331395564,-0.14638501094228,0.729423924959387,0.90152469520975,0.957666066188054
"X196900383",NA,NA,NA,NA,NA,NA
"X196900499",NA,NA,NA,NA,NA,NA
"X196900569",NA,NA,NA,NA,NA,NA
"X196900147",-0.298873588051226,0.472089013385637,0.21957751641342,0.601334210476955,0.90152469520975,0.939281726934859
"X196900174",-0.4919478513398,0.215614760631407,0.142857142857143,0.75203373015873,0.90152469520975,0.957666066188054
"X196900177",-0.362105633545951,0.378066697993941,0.21957751641342,0.601334210476955,0.90152469520975,0.939281726934859
"X196900297",0.863837936201447,0.00568419546386548,0.763762615825973,0.0273960439091121,0.1347935522982,0.74166802320558
"X196900301",-0.61167460061824,0.107069993296028,-0.503003030003569,0.203876682008432,0.90152469520975,0.790711059964901
"X196900331",0.843276318076141,0.00852799632717262,0.627376434428478,0.0958914444893229,0.174452944321381,0.790711059964901
"X196900346",0.279881415918713,0.501983472896435,0.0718575757147955,0.865730123834001,0.90152469520975,0.957666066188054
"X196900390",-0.387754966590128,0.342547894485335,-0.481978974960249,0.22649256280418,0.90152469520975,0.790711059964901
"X196900429",-0.16645363775007,0.693616386200802,-0.0824786098842323,0.846052523866644,0.90152469520975,0.957666066188054
"X196900464",-0.238518934621957,0.569449559597574,-0.592305702069122,0.121834513627698,0.90152469520975,0.790711059964901
"X196900492",-0.166913813459563,0.69280083552021,-0.247435829652697,0.554646423221937,0.90152469520975,0.921569248648886
"X196900529",-0.254467789434371,0.54306998331564,-0.514370741270553,0.192165912271177,0.90152469520975,0.790711059964901
"X196900253",0.699748689090095,0.0533463957503598,0.463713016751484,0.247137817184,0.645319303431772,0.790711059964901
"X196900268",-0.192987688478705,0.647032298323421,-0.218217890235992,0.603645056510136,0.90152469520975,0.939281726934859
"X196900275",0.417215898385886,0.303760064473718,0.179643939286989,0.670344277246939,0.90152469520975,0.957666066188054
"X196900310",0.958332623398628,0.000175249462016072,0.763762615825973,0.0273960439091121,0.00547654568800224,0.74166802320558
"X196900336",0.996311413312483,1.25117415975883e-07,0.577350269189626,0.133974596215561,4.26536645372368e-06,0.790711059964901
"X196900352",0.996311413312483,1.25117415975872e-07,0.577350269189626,0.133974596215561,4.26536645372368e-06,0.790711059964901
"X196900450",-0.249342217720827,0.551499410849412,-0.342913827513702,0.405662473506009,0.90152469520975,0.921569248648886
"X196900500",-0.167103132591244,0.692465387711163,-0.412393049421161,0.309958735506241,0.90152469520975,0.790711059964901
"X196900142",-0.122183842315137,0.77317517053864,0.545544725589981,0.161938228466284,0.923386053416441,0.790711059964901
"X196900200",-0.386279607851238,0.344547567505338,0.0243975018237133,0.95427283374209,0.90152469520975,0.978592407662821
"X196900231",0.580109843594136,0.131685942483515,0.732588631506546,0.0387306322238119,0.90152469520975,0.74166802320558
"X196900264",0.735936751250446,0.0373972967315315,0.763762615825973,0.0273960439091121,0.48358573359739,0.74166802320558
"X196900276",0.259162656963986,0.535390011556367,0.0487950036474267,0.908654487655341,0.90152469520975,0.976536593049476
"X196900294",-0.339720249709296,0.410336529380392,-0.152203886829552,0.718994529738964,0.90152469520975,0.957666066188054
"X196900357",0.745251504969086,0.0338365001490916,0.654653670707977,0.0781407494112157,0.461464175698022,0.790711059964901
"X196900358",-0.119837098421437,0.777447387675183,-0.380509717073881,0.352419362294093,0.923386053416441,0.875213648081356
"X196900363",0.550384837102159,0.157494750895283,0.311739843194275,0.452253005141476,0.90152469520975,0.921569248648886
"X196900418",NA,NA,NA,NA,NA,NA
"X196900425",-0.166913813459563,0.69280083552021,-0.247435829652697,0.554646423221937,0.90152469520975,0.921569248648886
"X196900431",-0.280511288539262,0.500980624616018,-0.490990253030983,0.216647635901312,0.90152469520975,0.790711059964901
"X196900449",-0.16645363775007,0.693616386200802,-0.0824786098842323,0.846052523866644,0.90152469520975,0.957666066188054
"X196900451",-0.460955198491786,0.250334391378458,-0.463552534650553,0.247323262807286,0.90152469520975,0.790711059964901
"X196900481",-0.141803084778987,0.73766195588385,0.0824786098842323,0.846052523866644,0.90152469520975,0.957666066188054
"X196900488",-0.166913813459563,0.69280083552021,-0.247435829652697,0.554646423221937,0.90152469520975,0.921569248648886
"X196900521",-0.167103132591244,0.692465387711163,-0.412393049421161,0.309958735506241,0.90152469520975,0.790711059964901
"X196900207",0.40024171757128,0.325840281280878,0.80511756018254,0.0159045622916614,0.90152469520975,0.74166802320558
"X196900251",-0.311055120701548,0.453299945015551,0.101469257886368,0.811047018417103,0.90152469520975,0.957666066188054
"X196900284",-0.0700655581867285,0.869056400940729,0.412393049421161,0.309958735506241,0.927095481335101,0.790711059964901
"X196900327",-0.181722270125323,0.666697693676664,-0.0779349607985687,0.854462577686284,0.90152469520975,0.957666066188054
"X196900329",-0.181594265167132,0.666922123856321,0.202630898076279,0.630338811707051,0.90152469520975,0.95699212303702
"X196900359",0.996311413312483,1.25117415975883e-07,0.577350269189626,0.133974596215561,4.26536645372368e-06,0.790711059964901
"X196900391",NA,NA,NA,NA,NA,NA
"X196900404",NA,NA,NA,NA,NA,NA
"X196900513",-0.167103132591244,0.692465387711163,-0.412393049421161,0.309958735506241,0.90152469520975,0.790711059964901
"X196900524",NA,NA,NA,NA,NA,NA
"X196900534",-0.22804599855951,0.587006878556145,-0.483196756951126,0.225148916797635,0.90152469520975,0.790711059964901
"X196900543",NA,NA,NA,NA,NA,NA
"X196900559",-0.166913813459563,0.69280083552021,-0.247435829652697,0.554646423221937,0.90152469520975,0.921569248648886
"X196900582",NA,NA,NA,NA,NA,NA
"X196900170",0.0246629370490734,0.953775741473095,0.791039852105473,0.0193848405445711,0.97456649333082,0.74166802320558
"X196900220",-0.41900739309198,0.301472797722505,-0.0975900072948533,0.818177202735276,0.90152469520975,0.957666066188054
"X196900238",-0.293809991078735,0.479988908450326,0.228305830244328,0.586569103327526,0.90152469520975,0.934075049525024
"X196900248",0.445643959500437,0.268456570117915,0.791039852105473,0.0193848405445711,0.90152469520975,0.74166802320558
"X196900315",-0.187389650662563,0.656782963507146,-0.0779349607985687,0.854462577686284,0.90152469520975,0.957666066188054
"X196900317",0.206263463077691,0.62408525181309,0.177571201301144,0.673986656997567,0.90152469520975,0.957666066188054
"X196900351",0.996311413312483,1.2511741597586e-07,0.577350269189626,0.133974596215561,4.26536645372368e-06,0.790711059964901
"X196900353",0.996311413312483,1.25117415975872e-07,0.577350269189626,0.133974596215561,4.26536645372368e-06,0.790711059964901
"X196900365",0.122300228258947,0.772963420047968,0.027277236279499,0.9488805457665,0.923386053416441,0.978592407662821
"X196900367",0.461197924990743,0.250052216365956,0.171456913756851,0.684763221121334,0.90152469520975,0.957666066188054
"X196900382",-0.401485440515465,0.324197544557115,-0.73565211967617,0.0375095411794925,0.90152469520975,0.74166802320558
"X196900387",-0.251659273238142,0.547683065455982,-0.405261796152557,0.319233622794637,0.90152469520975,0.803440325825429
"X196900392",NA,NA,NA,NA,NA,NA
"X196900399",-0.274211282121223,0.511045528189961,-0.245495126515491,0.557856585182126,0.90152469520975,0.921569248648886
"X196900409",-0.167103132591244,0.692465387711163,-0.412393049421161,0.309958735506241,0.90152469520975,0.790711059964901
"X196900424",-0.290037914522137,0.485907448103637,-0.245495126515491,0.557856585182126,0.90152469520975,0.921569248648886
"X196900445",-0.254263834801932,0.543404513173335,-0.452022772631699,0.260829775702136,0.90152469520975,0.790711059964901
"X196900473",-0.29172131857753,0.483262599097502,-0.027277236279499,0.9488805457665,0.90152469520975,0.978592407662821
"X196900476",-0.217715438071121,0.604499763611858,-0.187043905916565,0.657386587319591,0.90152469520975,0.957666066188054
"X196900515",-0.252426208622813,0.546421958618081,-0.483196756951126,0.225148916797635,0.90152469520975,0.790711059964901
"X196900539",NA,NA,NA,NA,NA,NA
"X196900546",NA,NA,NA,NA,NA,NA
"X196900173",-0.203174956222558,0.629400968664171,0.202938515772736,0.629808489737719,0.90152469520975,0.95699212303702
"X196900240",-0.318186162577095,0.442445340449457,0,1,0.90152469520975,1
"X196900244",-0.316955858818114,0.444310330523152,0.329775088130697,0.425038591050081,0.90152469520975,0.921569248648886
"X196900299",-0.177414105651979,0.674262944608675,0.0779349607985687,0.854462577686284,0.90152469520975,0.957666066188054
"X196900373",-0.167103132591244,0.692465387711163,-0.412393049421161,0.309958735506241,0.90152469520975,0.790711059964901
"X196900384",-0.166913813459563,0.69280083552021,-0.247435829652697,0.554646423221937,0.90152469520975,0.921569248648886
"X196900446",-0.253848605676189,0.544085808290739,-0.264978866715134,0.525931213822171,0.90152469520975,0.921569248648886
"X196900461",-0.254913810139139,0.542338671365965,-0.592305702069122,0.121834513627698,0.90152469520975,0.790711059964901
"X196900494",-0.254977310005041,0.542234583556959,-0.514370741270553,0.192165912271177,0.90152469520975,0.790711059964901
"X196900527",-0.23388165313402,0.57720131277729,-0.514370741270553,0.192165912271177,0.90152469520975,0.790711059964901
"X196900533",-0.255083778542853,0.542060078472355,-0.483196756951126,0.225148916797635,0.90152469520975,0.790711059964901
"X196900152",0.0536943991620117,0.899516341332788,0.732588631506546,0.0387306322238119,0.943094075860582,0.74166802320558
"X196900188",0.608323387166482,0.109547337012713,0.732588631506546,0.0387306322238119,0.90152469520975,0.74166802320558
"X196900206",-0.131785385284666,0.755748456233039,0.0779349607985687,0.854462577686284,0.911272254300288,0.957666066188054
"X196900256",-0.140253898927296,0.740452282998941,0.514370741270553,0.192165912271177,0.90152469520975,0.790711059964901
"X196900270",-0.221030607783006,0.598867712814081,0.136386181397495,0.747429395226514,0.90152469520975,0.957666066188054
"X196900285",-0.310384960384728,0.454325576004651,0.228305830244328,0.586569103327526,0.90152469520975,0.934075049525024
"X196900328",0.440295519550769,0.274935437681524,0.791039852105473,0.0193848405445711,0.90152469520975,0.74166802320558
"X196900369",-0.214566098298472,0.609865927848779,-0.483196756951126,0.225148916797635,0.90152469520975,0.790711059964901
"X196900372",-0.302774238628056,0.466039122999665,-0.245495126515491,0.557856585182126,0.90152469520975,0.921569248648886
"X196900376",-0.295750533420747,0.476955260277013,-0.327326835353989,0.428691507235313,0.90152469520975,0.921569248648886
"X196900388",-0.235891455555084,0.573837280486209,-0.545544725589981,0.161938228466284,0.90152469520975,0.790711059964901
"X196900410",-0.254078074545148,0.543709264871794,-0.514370741270553,0.192165912271177,0.90152469520975,0.790711059964901
"X196900414",NA,NA,NA,NA,NA,NA
"X196900416",-0.218583492124612,0.60302338881463,-0.187043905916565,0.657386587319591,0.90152469520975,0.957666066188054
"X196900420",-0.227714603528292,0.58756538551218,-0.483196756951126,0.225148916797635,0.90152469520975,0.790711059964901
"X196900495",-0.225840324588086,0.590727487285536,-0.483196756951126,0.225148916797635,0.90152469520975,0.790711059964901
"X196900498",-0.253967298099843,0.543891030065284,-0.514370741270553,0.192165912271177,0.90152469520975,0.790711059964901
"X196900505",-0.166913813459563,0.69280083552021,-0.247435829652697,0.554646423221937,0.90152469520975,0.921569248648886
"X196900509",-0.167103132591244,0.692465387711163,-0.412393049421161,0.309958735506241,0.90152469520975,0.790711059964901
"X196900514",-0.167103132591244,0.692465387711163,-0.412393049421161,0.309958735506241,0.90152469520975,0.790711059964901
"X196900517",-0.166913813459563,0.69280083552021,-0.247435829652697,0.554646423221937,0.90152469520975,0.921569248648886
"X196900520",-0.166913813459563,0.69280083552021,-0.247435829652697,0.554646423221937,0.90152469520975,0.921569248648886
"X196900522",-0.166913813459563,0.69280083552021,-0.247435829652697,0.554646423221937,0.90152469520975,0.921569248648886
"X196900537",-0.166913813459563,0.69280083552021,-0.247435829652697,0.554646423221937,0.90152469520975,0.921569248648886
"X196900538",-0.166913813459563,0.69280083552021,-0.247435829652697,0.554646423221937,0.90152469520975,0.921569248648886
"X196900169",-0.0908168919376117,0.83065229993751,0.405261796152557,0.319233622794637,0.927095481335101,0.803440325825429
"X196900212",-0.182411572533857,0.665489516275802,0.218217890235992,0.603645056510136,0.90152469520975,0.939281726934859
"X196900261",-0.219439405510929,0.601568814399082,0.272772362794991,0.513354990702715,0.90152469520975,0.921569248648886
"X196900272",-0.0700655581867285,0.869056400940729,0.412393049421161,0.309958735506241,0.927095481335101,0.790711059964901
"X196900304",-0.144921159471414,0.732053423310232,0.483196756951126,0.225148916797635,0.90152469520975,0.790711059964901
"X196900306",0.747652782991438,0.0329536674471208,0.659550176261393,0.0751764801417742,0.461464175698022,0.790711059964901
"X196900332",-0.0700655581867285,0.869056400940729,0.412393049421161,0.309958735506241,0.927095481335101,0.790711059964901
"X196900375",-0.166913813459563,0.69280083552021,-0.247435829652697,0.554646423221937,0.90152469520975,0.921569248648886
"X196900381",-0.166913813459563,0.69280083552021,-0.247435829652697,0.554646423221937,0.90152469520975,0.921569248648886
"X196900386",NA,NA,NA,NA,NA,NA
"X196900393",-0.16645363775007,0.693616386200802,-0.0824786098842323,0.846052523866644,0.90152469520975,0.957666066188054
"X196900408",NA,NA,NA,NA,NA,NA
"X196900467",-0.169233174310647,0.688694263174711,0.0467609764791412,0.912450894053421,0.90152469520975,0.976536593049476
"X196900518",-0.167103132591244,0.692465387711163,-0.412393049421161,0.309958735506241,0.90152469520975,0.790711059964901
"X196900528",-0.167103132591244,0.692465387711163,-0.412393049421161,0.309958735506241,0.90152469520975,0.790711059964901
"X196900531",-0.167103132591244,0.692465387711163,-0.412393049421161,0.309958735506241,0.90152469520975,0.790711059964901
"X196900551",NA,NA,NA,NA,NA,NA
"X19690010",-0.16645363775007,0.693616386200802,-0.0824786098842323,0.846052523866644,0.90152469520975,0.957666066188054
"X19690011",-0.16645363775007,0.693616386200802,-0.0824786098842323,0.846052523866644,0.90152469520975,0.957666066188054
"X196900166",0.132345541191185,0.754734481361898,0.732588631506546,0.0387306322238119,0.911272254300288,0.74166802320558
"X196900281",0.269554642530537,0.518533585513696,0.773703091383558,0.0242771985772238,0.90152469520975,0.74166802320558
"X196900343",0.0999823786216297,0.813778632702035,-0.163663417676994,0.698566859664124,0.927095481335101,0.957666066188054
"X196900371",-0.166913813459563,0.69280083552021,-0.247435829652697,0.554646423221937,0.90152469520975,0.921569248648886
"X196900374",-0.166913813459563,0.69280083552021,-0.247435829652697,0.554646423221937,0.90152469520975,0.921569248648886
"X196900402",NA,NA,NA,NA,NA,NA
"X196900426",-0.166913813459563,0.69280083552021,-0.247435829652697,0.554646423221937,0.90152469520975,0.921569248648886
"X196900438",-0.250386040165416,0.549778995512686,-0.233804882395706,0.57732994572583,0.90152469520975,0.934075049525024
"X196900468",-0.163799332896236,0.698325499021213,0.233804882395706,0.57732994572583,0.90152469520975,0.934075049525024
"X196900472",-0.218196149245694,0.603682031351797,-0.187043905916565,0.657386587319591,0.90152469520975,0.957666066188054
"X196900497",-0.254216864402889,0.543481565334087,-0.514370741270553,0.192165912271177,0.90152469520975,0.790711059964901
"X196900526",NA,NA,NA,NA,NA,NA
"X196900532",-0.167103132591244,0.692465387711163,-0.412393049421161,0.309958735506241,0.90152469520975,0.790711059964901
"X196900547",NA,NA,NA,NA,NA,NA
"X196900561",-0.166913813459563,0.69280083552021,-0.247435829652697,0.554646423221937,0.90152469520975,0.921569248648886
"X196900565",NA,NA,NA,NA,NA,NA
"X196900571",NA,NA,NA,NA,NA,NA
"X196900573",NA,NA,NA,NA,NA,NA
"X196900580",NA,NA,NA,NA,NA,NA
"X196900131",-0.233501396945238,0.577838545359111,-0.436435780471985,0.279658290904658,0.90152469520975,0.790711059964901
"X196900232",-0.0700655581867285,0.869056400940729,0.412393049421161,0.309958735506241,0.927095481335101,0.790711059964901
"X196900267",-0.147157121282421,0.728037918670077,0.0779349607985687,0.854462577686284,0.90152469520975,0.957666066188054
"X196900278",-0.0700655581867285,0.869056400940729,0.412393049421161,0.309958735506241,0.927095481335101,0.790711059964901
"X196900290",-0.0700655581867285,0.869056400940729,0.412393049421161,0.309958735506241,0.927095481335101,0.790711059964901
"X196900324",-0.0700655581867285,0.869056400940729,0.412393049421161,0.309958735506241,0.927095481335101,0.790711059964901
"X196900362",0.996311413312483,1.25117415975883e-07,0.577350269189626,0.133974596215561,4.26536645372368e-06,0.790711059964901
"X196900380",-0.166913813459563,0.69280083552021,-0.247435829652697,0.554646423221937,0.90152469520975,0.921569248648886
"X196900407",NA,NA,NA,NA,NA,NA
"X196900421",-0.16645363775007,0.693616386200802,-0.0824786098842323,0.846052523866644,0.90152469520975,0.957666066188054
"X196900444",-0.16645363775007,0.693616386200802,-0.0824786098842323,0.846052523866644,0.90152469520975,0.957666066188054
"X196900457",-0.237811851717726,0.570629201773841,-0.490990253030983,0.216647635901312,0.90152469520975,0.790711059964901
"X196900463",-0.168375677696468,0.690211745961324,-0.577350269189626,0.133974596215561,0.90152469520975,0.790711059964901
"X196900506",-0.167103132591244,0.692465387711163,-0.412393049421161,0.309958735506241,0.90152469520975,0.790711059964901
"X196900523",-0.167103132591244,0.692465387711163,-0.412393049421161,0.309958735506241,0.90152469520975,0.790711059964901
"X196900535",-0.167103132591244,0.692465387711163,-0.412393049421161,0.309958735506241,0.90152469520975,0.790711059964901
"X196900540",-0.166913813459563,0.69280083552021,-0.247435829652697,0.554646423221937,0.90152469520975,0.921569248648886
"X196900552",-0.166913813459563,0.69280083552021,-0.247435829652697,0.554646423221937,0.90152469520975,0.921569248648886
"X196900554",-0.166913813459563,0.69280083552021,-0.247435829652697,0.554646423221937,0.90152469520975,0.921569248648886
"X196900558",-0.166913813459563,0.69280083552021,-0.247435829652697,0.554646423221937,0.90152469520975,0.921569248648886
"X196900563",NA,NA,NA,NA,NA,NA
"X196900578",NA,NA,NA,NA,NA,NA
"X196900132",-0.168375677696468,0.690211745961324,-0.577350269189626,0.133974596215561,0.90152469520975,0.790711059964901
"X196900254",0.429841360699336,0.287818587805132,0.732588631506546,0.0387306322238119,0.90152469520975,0.74166802320558
"X196900300",-0.0700655581867285,0.869056400940729,0.412393049421161,0.309958735506241,0.927095481335101,0.790711059964901
"X196900322",-0.0700655581867285,0.869056400940729,0.412393049421161,0.309958735506241,0.927095481335101,0.790711059964901
"X196900326",-0.144420613195734,0.732953072664131,0.483196756951126,0.225148916797635,0.90152469520975,0.790711059964901
"X196900434",-0.16645363775007,0.693616386200802,-0.0824786098842323,0.846052523866644,0.90152469520975,0.957666066188054
"X196900441",-0.16645363775007,0.693616386200802,-0.0824786098842323,0.846052523866644,0.90152469520975,0.957666066188054
"X196900442",-0.16645363775007,0.693616386200802,-0.0824786098842323,0.846052523866644,0.90152469520975,0.957666066188054
"X196900447",-0.16645363775007,0.693616386200802,-0.0824786098842323,0.846052523866644,0.90152469520975,0.957666066188054
"X196900452",-0.168375677696468,0.690211745961324,-0.577350269189626,0.133974596215561,0.90152469520975,0.790711059964901
"X196900503",NA,NA,NA,NA,NA,NA
"X196900516",NA,NA,NA,NA,NA,NA
"X196900519",NA,NA,NA,NA,NA,NA
"X196900536",NA,NA,NA,NA,NA,NA
"X196900550",NA,NA,NA,NA,NA,NA
"X196900555",-0.166913813459563,0.69280083552021,-0.247435829652697,0.554646423221937,0.90152469520975,0.921569248648886
"X19690017",-0.16645363775007,0.693616386200802,-0.0824786098842323,0.846052523866644,0.90152469520975,0.957666066188054
"X196900165",0.383964902689811,0.347695681270834,0.732588631506546,0.0387306322238119,0.90152469520975,0.74166802320558
"X196900273",-0.0700655581867285,0.869056400940729,0.412393049421161,0.309958735506241,0.927095481335101,0.790711059964901
"X196900298",-0.0700655581867285,0.869056400940729,0.412393049421161,0.309958735506241,0.927095481335101,0.790711059964901
"X196900309",-0.0700655581867285,0.869056400940729,0.412393049421161,0.309958735506241,0.927095481335101,0.790711059964901
"X196900321",-0.144041615876765,0.733634434634595,0.483196756951126,0.225148916797635,0.90152469520975,0.790711059964901
"X196900334",0.944797746962005,0.000403324046473176,0.545544725589981,0.161938228466284,0.0116343474944185,0.790711059964901
"X196900379",-0.166913813459563,0.69280083552021,-0.247435829652697,0.554646423221937,0.90152469520975,0.921569248648886
"X196900385",NA,NA,NA,NA,NA,NA
"X196900389",-0.115596508849422,0.785179636234301,0.247435829652697,0.554646423221937,0.923386053416441,0.921569248648886
"X196900403",NA,NA,NA,NA,NA,NA
"X196900405",NA,NA,NA,NA,NA,NA
"X196900411",NA,NA,NA,NA,NA,NA
"X196900415",NA,NA,NA,NA,NA,NA
"X196900428",-0.16645363775007,0.693616386200802,-0.0824786098842323,0.846052523866644,0.90152469520975,0.957666066188054
"X196900436",-0.252181437661969,0.546824333529059,-0.342913827513702,0.405662473506009,0.90152469520975,0.921569248648886
"X196900437",-0.20492576357267,0.626385881256231,-0.545544725589981,0.161938228466284,0.90152469520975,0.790711059964901
"X196900456",-0.168375677696468,0.690211745961324,-0.577350269189626,0.133974596215561,0.90152469520975,0.790711059964901
"X196900459",-0.168375677696468,0.690211745961324,-0.577350269189626,0.133974596215561,0.90152469520975,0.790711059964901
"X196900460",-0.208496568654781,0.620250580122093,-0.171456913756851,0.684763221121334,0.90152469520975,0.957666066188054
"X196900462",-0.168375677696468,0.690211745961324,-0.577350269189626,0.133974596215561,0.90152469520975,0.790711059964901
"X196900466",-0.159603244674702,0.70578708561555,0.264978866715134,0.525931213822171,0.90152469520975,0.921569248648886
"X196900484",-0.23327170394516,0.578223580452125,-0.202630898076279,0.63033881170705,0.90152469520975,0.95699212303702
"X196900489",NA,NA,NA,NA,NA,NA
"X196900502",NA,NA,NA,NA,NA,NA
"X196900508",NA,NA,NA,NA,NA,NA
"X196900510",-0.167103132591244,0.692465387711163,-0.412393049421161,0.309958735506241,0.90152469520975,0.790711059964901
"X196900511",NA,NA,NA,NA,NA,NA
"X196900512",NA,NA,NA,NA,NA,NA
"X196900541",NA,NA,NA,NA,NA,NA
"X196900542",NA,NA,NA,NA,NA,NA
"X196900544",NA,NA,NA,NA,NA,NA
"X196900549",NA,NA,NA,NA,NA,NA
"X196900553",NA,NA,NA,NA,NA,NA
"X196900560",-0.166913813459563,0.69280083552021,-0.247435829652697,0.554646423221937,0.90152469520975,0.921569248648886
"X196900562",NA,NA,NA,NA,NA,NA
"X196900564",NA,NA,NA,NA,NA,NA
"X196900568",NA,NA,NA,NA,NA,NA
"X196900581",NA,NA,NA,NA,NA,NA
"X196900216",-0.0700655581867285,0.869056400940729,0.412393049421161,0.309958735506241,0.927095481335101,0.790711059964901
"X196900243",-0.0700655581867285,0.869056400940729,0.412393049421161,0.309958735506241,0.927095481335101,0.790711059964901
"X196900245",-0.0700655581867285,0.869056400940729,0.412393049421161,0.309958735506241,0.927095481335101,0.790711059964901
"X196900247",-0.0700655581867285,0.869056400940729,0.412393049421161,0.309958735506241,0.927095481335101,0.790711059964901
"X196900257",-0.0700655581867285,0.869056400940729,0.412393049421161,0.309958735506241,0.927095481335101,0.790711059964901
"X196900258",-0.0700655581867285,0.869056400940729,0.412393049421161,0.309958735506241,0.927095481335101,0.790711059964901
"X196900311",-0.0700655581867285,0.869056400940729,0.412393049421161,0.309958735506241,0.927095481335101,0.790711059964901
"X196900313",-0.0700655581867285,0.869056400940729,0.412393049421161,0.309958735506241,0.927095481335101,0.790711059964901
"X196900325",-0.0700655581867285,0.869056400940729,0.412393049421161,0.309958735506241,0.927095481335101,0.790711059964901
"X196900333",-0.0700655581867285,0.869056400940729,0.412393049421161,0.309958735506241,0.927095481335101,0.790711059964901
"X196900342",0.996311413312483,1.25117415975883e-07,0.577350269189626,0.133974596215561,4.26536645372368e-06,0.790711059964901
"X196900345",0.996311413312483,1.25117415975894e-07,0.577350269189626,0.133974596215561,4.26536645372368e-06,0.790711059964901
"X196900360",0.996311413312483,1.25117415975872e-07,0.577350269189626,0.133974596215561,4.26536645372368e-06,0.790711059964901
"X196900364",0.996311413312483,1.25117415975883e-07,0.577350269189626,0.133974596215561,4.26536645372368e-06,0.790711059964901
"X196900368",NA,NA,NA,NA,NA,NA
"X196900378",NA,NA,NA,NA,NA,NA
"X196900394",NA,NA,NA,NA,NA,NA
"X196900395",NA,NA,NA,NA,NA,NA
"X196900396",NA,NA,NA,NA,NA,NA
"X196900397",NA,NA,NA,NA,NA,NA
"X196900412",NA,NA,NA,NA,NA,NA
"X196900413",NA,NA,NA,NA,NA,NA
"X196900417",NA,NA,NA,NA,NA,NA
"X196900419",NA,NA,NA,NA,NA,NA
"X196900422",NA,NA,NA,NA,NA,NA
"X196900423",NA,NA,NA,NA,NA,NA
"X196900427",-0.16645363775007,0.693616386200802,-0.0824786098842323,0.846052523866644,0.90152469520975,0.957666066188054
"X196900430",-0.16645363775007,0.693616386200802,-0.0824786098842323,0.846052523866644,0.90152469520975,0.957666066188054
"X196900432",-0.16645363775007,0.693616386200802,-0.0824786098842323,0.846052523866644,0.90152469520975,0.957666066188054
"X196900433",-0.16645363775007,0.693616386200802,-0.0824786098842323,0.846052523866644,0.90152469520975,0.957666066188054
"X196900435",-0.16645363775007,0.693616386200802,-0.0824786098842323,0.846052523866644,0.90152469520975,0.957666066188054
"X196900439",-0.16645363775007,0.693616386200802,-0.0824786098842323,0.846052523866644,0.90152469520975,0.957666066188054
"X196900440",-0.16645363775007,0.693616386200802,-0.0824786098842323,0.846052523866644,0.90152469520975,0.957666066188054
"X196900443",-0.16645363775007,0.693616386200802,-0.0824786098842323,0.846052523866644,0.90152469520975,0.957666066188054
"X196900448",-0.16645363775007,0.693616386200802,-0.0824786098842323,0.846052523866644,0.90152469520975,0.957666066188054
"X196900453",-0.168375677696468,0.690211745961324,-0.577350269189626,0.133974596215561,0.90152469520975,0.790711059964901
"X196900455",-0.168375677696468,0.690211745961324,-0.577350269189626,0.133974596215561,0.90152469520975,0.790711059964901
"X196900470",-0.115596508849422,0.785179636234301,0.247435829652697,0.554646423221937,0.923386053416441,0.921569248648886
"X196900471",-0.115596508849422,0.785179636234301,0.247435829652697,0.554646423221937,0.923386053416441,0.921569248648886
"X196900474",-0.115596508849422,0.785179636234301,0.247435829652697,0.554646423221937,0.923386053416441,0.921569248648886
"X196900477",-0.141803084778987,0.73766195588385,0.0824786098842323,0.846052523866644,0.90152469520975,0.957666066188054
"X196900478",-0.141803084778987,0.73766195588385,0.0824786098842323,0.846052523866644,0.90152469520975,0.957666066188054
"X196900479",-0.141803084778987,0.73766195588385,0.0824786098842323,0.846052523866644,0.90152469520975,0.957666066188054
"X196900480",-0.141803084778987,0.73766195588385,0.0824786098842323,0.846052523866644,0.90152469520975,0.957666066188054
"X196900482",-0.141803084778987,0.73766195588385,0.0824786098842323,0.846052523866644,0.90152469520975,0.957666066188054
"X196900483",-0.141803084778987,0.73766195588385,0.0824786098842323,0.846052523866644,0.90152469520975,0.957666066188054
"X196900485",-0.141803084778987,0.73766195588385,0.0824786098842323,0.846052523866644,0.90152469520975,0.957666066188054
"X196900486",NA,NA,NA,NA,NA,NA
"X196900487",NA,NA,NA,NA,NA,NA
"X196900490",NA,NA,NA,NA,NA,NA
"X196900491",NA,NA,NA,NA,NA,NA
"X196900493",NA,NA,NA,NA,NA,NA
"X196900501",NA,NA,NA,NA,NA,NA
"X196900504",NA,NA,NA,NA,NA,NA
"X196900525",NA,NA,NA,NA,NA,NA
"X196900530",-0.167103132591244,0.692465387711163,-0.412393049421161,0.309958735506241,0.90152469520975,0.790711059964901
"X196900545",NA,NA,NA,NA,NA,NA
"X196900548",NA,NA,NA,NA,NA,NA
"X196900556",-0.166913813459563,0.69280083552021,-0.247435829652697,0.554646423221937,0.90152469520975,0.921569248648886
"X196900557",-0.166913813459563,0.69280083552021,-0.247435829652697,0.554646423221937,0.90152469520975,0.921569248648886
"X196900566",NA,NA,NA,NA,NA,NA
"X196900567",NA,NA,NA,NA,NA,NA
"X196900570",NA,NA,NA,NA,NA,NA
"X196900572",NA,NA,NA,NA,NA,NA
"X196900574",NA,NA,NA,NA,NA,NA
"X196900575",NA,NA,NA,NA,NA,NA
"X196900576",NA,NA,NA,NA,NA,NA
"X196900577",NA,NA,NA,NA,NA,NA
"X196900579",NA,NA,NA,NA,NA,NA
"X196900583",NA,NA,NA,NA,NA,NA
"X196900584",NA,NA,NA,NA,NA,NA
"X196900585",NA,NA,NA,NA,NA,NA
"X196900586",NA,NA,NA,NA,NA,NA
"X196900587",NA,NA,NA,NA,NA,NA
