"","XOTU","inc_dec_estimate","inc_dec_p_val","fdr","classification"
"1","X1969004",-0.432125155145899,0.107709064564151,0.32787641086305,"dec.trend"
"2","X196900135",-0.411784318406053,0.127238690339021,0.346703625257955,"dec.trend"
"3","X196900136",-0.102855274019295,0.715285057562672,0.847677150479156,"dec.trend"
"4","X196900143",-0.232129859486499,0.405125787685837,0.588401949024813,"dec.trend"
"5","X196900145",-0.425719626292762,0.113617930671098,0.337713765223983,"dec.trend"
"6","X196900148",-0.287510754335275,0.298772321929583,0.488418583012545,"dec.trend"
"7","X196900154",0.131108488195905,0.641395752331777,0.788489178199865,"inc.trend"
"8","X196900157",0.498291056927558,0.0586962005968963,0.257704271192087,"inc.trend"
"9","X196900160",-0.163256371638903,0.560998801343719,0.728508302590013,"dec.trend"
"10","X196900162",0.351154707648092,0.199361194153166,0.404870090328677,"inc.trend"
"11","X196900164",0.138808719493604,0.62175514674831,0.77050839422304,"inc.trend"
"12","X196900168",0.239308983564932,0.390331833254245,0.588401949024813,"inc.trend"
"13","X196900171",-0.193069360343292,0.490562617600621,0.669080966609132,"dec.trend"
"14","X196900178",-0.655070588527637,0.0080346985087835,0.0906054784073517,"decreasing"
"15","X196900179",-0.199865751153902,0.475116681817589,0.65381728453107,"dec.trend"
"16","X196900199",-0.0250821138394686,0.929298037715186,0.960499493319269,"dec.trend"
"17","X196900215",-0.468491280120077,0.0781712868944586,0.283755616207444,"dec.trend"
"18","X196900224",0.0216719641696366,0.938892784804986,0.964349462828221,"inc.trend"
"19","X196900235",0.112650519044241,0.689362947511676,0.827594580215841,"inc.trend"
"20","X196900250",-0.505728073805285,0.0544459736120547,0.248510830051062,"dec.trend"
"21","X196900138",-0.440105580797066,0.100650777360157,0.321349565778797,"dec.trend"
"22","X196900155",-0.190722135880051,0.495951554751454,0.674435595104485,"dec.trend"
"23","X196900156",0.00726899229614559,0.979488366918992,0.987380869408279,"inc.trend"
"24","X196900176",-0.586078521887793,0.0216747610832267,0.161162336441411,"decreasing"
"25","X196900185",0.175101103443437,0.532507714390727,0.701388732383215,"inc.trend"
"26","X196900189",-0.784620457464679,0.000532315036735246,0.0215379844193281,"decreasing"
"27","X196900198",0.0829952421953077,0.768711900194719,0.870703159680014,"inc.trend"
"28","X196900214",0.132382466052879,0.638130575373829,0.786572714565068,"inc.trend"
"29","X196900219",-0.018430580830125,0.948019949024173,0.97119377000032,"dec.trend"
"30","X196900221",-0.188252084862068,0.501652296264677,0.679285738212988,"dec.trend"
"31","X196900239",0.182669659740129,0.514647470465727,0.687688359086088,"inc.trend"
"32","X196900274",-0.0148219658412594,0.958188186432451,0.972962013095506,"dec.trend"
"33","X196900330",0.35796368670272,0.190183101539479,0.39332169127722,"inc.trend"
"34","X196900337",0.782731217390768,0.000560641676858866,0.0215379844193281,"increasing"
"35","X196900141",-0.257170226347488,0.354807347655005,0.550727903262482,"dec.trend"
"36","X196900150",-0.48153089454912,0.0691534258574024,0.265664411002188,"dec.trend"
"37","X196900151",0.371428962898392,0.172849258800216,0.389289161674624,"inc.trend"
"38","X196900153",-0.325143101508326,0.237006940891303,0.43640733356581,"dec.trend"
"39","X196900159",0.0263763026909785,0.925659024343939,0.958941146567541,"inc.trend"
"40","X196900269",0.476688348671107,0.0724099842301624,0.273614776476269,"inc.trend"
"41","X196900288",-0.261026048190156,0.347382365474524,0.541783679584386,"dec.trend"
"42","X196900139",-0.332627045124698,0.225754065241709,0.4319318657958,"dec.trend"
"43","X196900197",-0.418525517852247,0.12051726498611,0.346703625257955,"dec.trend"
"44","X196900210",-0.175145591892614,0.532401931865239,0.701388732383215,"dec.trend"
"45","X196900217",0.384336175899715,0.157239900325674,0.377395490212957,"inc.trend"
"46","X196900242",0.460911732922943,0.0837834624825692,0.297109047726649,"inc.trend"
"47","X196900246",-0.0729931501129032,0.796005790572486,0.883311337047259,"dec.trend"
"48","X196900280",0.214889632951535,0.441825883472859,0.613499193617433,"inc.trend"
"49","X196900286",0.395842827452699,0.144140995551242,0.365104389830343,"inc.trend"
"50","X196900344",-0.0448362006168801,0.873934080085837,0.929601429900613,"dec.trend"
"51","X196900172",0.303475915422385,0.271514241525892,0.454741444291437,"inc.trend"
"52","X196900201",-0.242706538561676,0.383432635575452,0.583374405941529,"dec.trend"
"53","X196900208",0.371745985253247,0.172454134366687,0.389289161674624,"inc.trend"
"54","X196900218",-0.47077347826339,0.0765354314165531,0.280022491135166,"dec.trend"
"55","X196900230",-0.333573497243089,0.224355298689393,0.4319318657958,"dec.trend"
"56","X196900234",0.147916941565756,0.598826234726616,0.756325737558822,"inc.trend"
"57","X196900180",-0.773585097045925,0.000715673846923273,0.0235661173879735,"decreasing"
"58","X196900181",-0.505892229274789,0.0543547776318134,0.248510830051062,"dec.trend"
"59","X196900184",-0.115754686986424,0.681213020422581,0.819945698210991,"dec.trend"
"60","X196900195",-0.435387773736441,0.104783095076826,0.322033378869446,"dec.trend"
"61","X196900204",0.0879365981664396,0.755318274871394,0.866173444566449,"inc.trend"
"62","X196900209",0.296095178008158,0.283923098734363,0.469134582496565,"inc.trend"
"63","X196900236",0.351965414444598,0.198253780083683,0.404432031538681,"inc.trend"
"64","X196900237",-0.516489773105241,0.0487007043279149,0.229092088726212,"decreasing"
"65","X196900241",0.378968039765053,0.163613267600081,0.379023700319785,"inc.trend"
"66","X196900249",-0.0800276377065299,0.776785165798797,0.874444142096358,"dec.trend"
"67","X196900279",0.302437845197794,0.273239436157762,0.454741444291437,"inc.trend"
"68","X196900289",-0.487070057318581,0.0655594238428086,0.259311118468903,"dec.trend"
"69","X196900295",0.0789940461874237,0.779602044255104,0.874444142096358,"inc.trend"
"70","X196900356",0.290662462785065,0.293268592128413,0.48112747676583,"inc.trend"
"71","X196900377",0.597558004522225,0.0186495571829968,0.153486164634963,"increasing"
"72","X196900140",0.272280142092172,0.326213892651743,0.518197184300362,"inc.trend"
"73","X196900192",0.0817674680795322,0.772049392052512,0.872340121902471,"inc.trend"
"74","X196900227",0.0644052214034977,0.819618316409916,0.892267547430939,"inc.trend"
"75","X196900228",0.314176999058376,0.254113209366645,0.437112647455311,"inc.trend"
"76","X196900287",0.159235155370685,0.570816208469178,0.732997972435352,"inc.trend"
"77","X196900354",0.383820276099224,0.157845112368323,0.377395490212957,"inc.trend"
"78","X196900158",0.344046013181547,0.209241541856282,0.415777374119594,"inc.trend"
"79","X196900182",-0.730156174402387,0.0019964973722565,0.0452188529281533,"decreasing"
"80","X196900183",-0.18790095320465,0.502465155597894,0.679285738212988,"dec.trend"
"81","X196900226",0.0444741375872508,0.874944691947517,0.929601429900613,"inc.trend"
"82","X196900252",-0.500536263863779,0.0573884357752509,0.254385277811448,"dec.trend"
"83","X196900335",0.040280680626557,0.886662419427303,0.935357838343219,"inc.trend"
"84","X196900338",0.13364875053069,0.634891220299052,0.784677888895075,"inc.trend"
"85","X196900146",-0.363736741480393,0.182619166630324,0.389289161674624,"dec.trend"
"86","X196900186",-0.488450477622802,0.0646852163207891,0.259311118468903,"dec.trend"
"87","X196900196",-0.778479264062516,0.000628898034696384,0.0223016918457718,"decreasing"
"88","X196900202",-0.124756841436984,0.657765050508164,0.800078333203862,"dec.trend"
"89","X196900203",-0.0618404268106723,0.826699126994532,0.89672540598701,"dec.trend"
"90","X196900225",-0.351954841067513,0.198268197674061,0.404432031538681,"dec.trend"
"91","X196900341",0.334646518227096,0.222776073498439,0.4319318657958,"inc.trend"
"92","X196900191",0.0755011438356918,0.789140019425471,0.882994050861996,"inc.trend"
"93","X196900211",-0.682606283862398,0.00504467229751905,0.0664455408330367,"decreasing"
"94","X196900229",0.673079177850445,0.00595722266608952,0.0762855458074241,"increasing"
"95","X196900255",-0.683958382632974,0.00492468310920207,0.0664455408330367,"decreasing"
"96","X196900263",-0.349474851531524,0.201668469344755,0.405075051734751,"dec.trend"
"97","X196900283",0.102883309482097,0.715210435964224,0.847677150479156,"inc.trend"
"98","X196900161",-0.654889121010497,0.00805818788438486,0.0906054784073517,"decreasing"
"99","X196900223",0.253711132382822,0.361542613925697,0.556233074075004,"inc.trend"
"100","X196900260",-0.452299489924624,0.0905012172124677,0.316068644961724,"dec.trend"
"101","X196900303",0.186819575524955,0.504972352525771,0.680679106767194,"inc.trend"
"102","X196900318",-0.215831565401632,0.439778723818333,0.613499193617433,"dec.trend"
"103","X196900347",-0.428434431242514,0.111086892930686,0.334712795039518,"dec.trend"
"104","X196900366",0.491718606812624,0.0626492412480101,0.259311118468903,"inc.trend"
"105","X196900401",0.431686486525683,0.1081067558594,0.32787641086305,"inc.trend"
"106","X196900149",-0.0672612114484703,0.811748793273423,0.888874569356409,"dec.trend"
"107","X196900163",0.0095281953610374,0.973115220997135,0.983785344034384,"inc.trend"
"108","X196900292",0.0661819488564258,0.814720717124773,0.890014811835357,"inc.trend"
"109","X196900305",0.5411348588228,0.0372394747464867,0.204034543781433,"increasing"
"110","X196900339",0.118560513500253,0.67387439918381,0.815370336020305,"inc.trend"
"111","X196900349",-0.270995288351958,0.328592547152681,0.518771110402006,"dec.trend"
"112","X196900458",0.858047067386643,4.27599526435719e-05,0.00749394143731621,"increasing"
"113","X1969000",-0.225085951120758,0.419922432167383,0.588401949024813,"dec.trend"
"114","X196900190",0.171670074456925,0.5406938930505,0.708124672432615,"inc.trend"
"115","X196900193",-0.0356509152999544,0.899624580566923,0.944708272531553,"dec.trend"
"116","X196900205",0.10897643497205,0.699050227203193,0.834876048550963,"inc.trend"
"117","X196900265",0.377938672072677,0.164854635933392,0.379989935826469,"inc.trend"
"118","X196900277",-0.556226918928807,0.0312971785152125,0.187376614227441,"decreasing"
"119","X196900302",-0.263459564629096,0.342741361676456,0.537427781404239,"dec.trend"
"120","X196900323",0.74389517201094,0.00147436786126491,0.0385530316243229,"increasing"
"121","X196900340",-0.352070452602525,0.198110589285342,0.404432031538681,"dec.trend"
"122","X196900348",-0.29170306713096,0.291464641542535,0.479875713396817,"dec.trend"
"123","X196900370",0.540231083800393,0.0376202521072057,0.204034543781433,"increasing"
"124","X196900475",0.612045153234741,0.0153066220586807,0.133138731491543,"increasing"
"125","X196900496",0.849988445068133,5.99871578995171e-05,0.00749394143731621,"increasing"
"126","X19690015",-0.225085951120758,0.419922432167383,0.588401949024813,"dec.trend"
"127","X196900175",-0.34877655681043,0.202632585461486,0.405075051734751,"dec.trend"
"128","X196900233",-0.694119317611902,0.00409352695742916,0.0645047246821771,"decreasing"
"129","X196900266",-0.0243595531063232,0.931330311309573,0.960499493319269,"dec.trend"
"130","X196900271",-0.604175326791946,0.0170595155320764,0.145637715931245,"decreasing"
"131","X196900291",-0.425015788882774,0.114280579989027,0.337713765223983,"dec.trend"
"132","X196900293",-0.74133895717002,0.00156206674343633,0.0385530316243229,"decreasing"
"133","X196900307",-0.31056339792027,0.259911086575828,0.441590331962116,"dec.trend"
"134","X196900314",0.766030112449207,0.000868512226621125,0.0250240085295212,"increasing"
"135","X196900316",0.691235729142385,0.00431711658064558,0.0645047246821771,"increasing"
"136","X196900320",-0.620987178197863,0.0134872601924735,0.119569749014044,"decreasing"
"137","X196900350",-0.26831339758816,0.333589272461149,0.524862302404742,"dec.trend"
"138","X196900398",0.155774072033937,0.579323174759549,0.738638027482048,"inc.trend"
"139","X196900400",-0.416456589000696,0.122553559914616,0.346703625257955,"dec.trend"
"140","X196900406",0.642434732190318,0.00980360051025202,0.098249126852743,"increasing"
"141","X196900465",0.5781988328498,0.0239586064330934,0.163724861667542,"increasing"
"142","X196900469",0.502448701147318,0.0562913790674424,0.251944910195058,"inc.trend"
"143","X196900507",0.823083757551836,0.000163670807683743,0.00943153029277568,"increasing"
"144","X196900137",-0.83755277496639,9.75350295529224e-05,0.00749394143731621,"decreasing"
"145","X196900144",-0.667915617928895,0.00650355151696971,0.0797088474382236,"decreasing"
"146","X196900187",0.176133120574536,0.530056244179001,0.701388732383215,"inc.trend"
"147","X196900194",-0.55778800742605,0.0307259934560895,0.186377407674437,"decreasing"
"148","X196900259",0.143175573925395,0.610720142839486,0.758873277221033,"inc.trend"
"149","X196900319",0.584325918004717,0.0221677320268345,0.162211499434456,"increasing"
"150","X196900355",-0.361698811627577,0.185266539827682,0.389289161674624,"dec.trend"
"151","X196900361",-0.534232538840922,0.0402216479652031,0.209097245538416,"decreasing"
"152","X196900454",0.594574413860847,0.0194025731902859,0.153486164634963,"increasing"
"153","X196900167",0.341604308588846,0.212705827339347,0.420847151946089,"inc.trend"
"154","X196900213",-0.640842021385291,0.0100465433060714,0.0985416268957217,"decreasing"
"155","X196900222",-0.518897114714293,0.0474791883044405,0.225648513488114,"decreasing"
"156","X196900262",-0.403210502783955,0.136151494232467,0.350647144364064,"dec.trend"
"157","X196900282",0.471993138661614,0.0756713106232716,0.279075793578626,"inc.trend"
"158","X196900296",-0.595081341917373,0.0192730169609096,0.153486164634963,"decreasing"
"159","X196900308",-0.437217722094079,0.103166454957184,0.321349565778797,"dec.trend"
"160","X196900312",0.20306544529331,0.467927117222948,0.647790994113451,"inc.trend"
"161","X196900383",0.164951718193107,0.556881446787104,0.725204369968516,"inc.trend"
"162","X196900499",0.484257404997178,0.0673670557860405,0.260976577456846,"inc.trend"
"163","X196900569",0.577267755534662,0.0242400991238132,0.163724861667542,"increasing"
"164","X196900147",0.254014568476373,0.360948987569032,0.556233074075004,"inc.trend"
"165","X196900174",-0.280259433442568,0.311663173511657,0.507691600667399,"dec.trend"
"166","X196900177",0.0790909214098858,0.779337918601935,0.874444142096358,"inc.trend"
"167","X196900297",-0.30269039003762,0.272819120773659,0.454741444291437,"dec.trend"
"168","X196900301",0.215139929138359,0.441281432161321,0.613499193617433,"inc.trend"
"169","X196900331",-0.581199870824471,0.0230681986688487,0.163606762866757,"decreasing"
"170","X196900346",0.0977979567691026,0.728784608606219,0.848265817300924,"inc.trend"
"171","X196900390",0.521689135382588,0.0460909637658156,0.224717465064159,"increasing"
"172","X196900429",-0.225085951120758,0.419922432167383,0.588401949024813,"dec.trend"
"173","X196900464",0.69808128819473,0.00380143172836216,0.0645047246821771,"increasing"
"174","X196900492",0.766930729506471,0.000849014247848427,0.0250240085295212,"increasing"
"175","X196900529",0.667307912883606,0.00657036052636117,0.0797088474382236,"increasing"
"176","X196900253",-0.581756507727923,0.0229058541637438,0.163606762866757,"decreasing"
"177","X196900268",-0.348527712377607,0.202976869741274,0.405075051734751,"dec.trend"
"178","X196900275",-0.0554195028143191,0.844479165211809,0.905360221308474,"dec.trend"
"179","X196900310",-0.533903720647833,0.0403680148653342,0.209097245538416,"decreasing"
"180","X196900336",-0.361698811627577,0.185266539827682,0.389289161674624,"dec.trend"
"181","X196900352",0.365171935482083,0.180769639966915,0.389289161674624,"inc.trend"
"182","X196900450",0.236095077163623,0.396918642477504,0.588401949024813,"inc.trend"
"183","X196900500",0.554767848196924,0.031838226932191,0.18817208481718,"increasing"
"184","X196900142",-0.446569042191959,0.0951765172596882,0.321349565778797,"dec.trend"
"185","X196900200",0.117164510044182,0.677522274105499,0.817638137074961,"inc.trend"
"186","X196900231",-0.694276801929292,0.0040815862578018,0.0645047246821771,"decreasing"
"187","X196900264",-0.57592359311345,0.0246509059417143,0.163724861667542,"decreasing"
"188","X196900276",-0.271798205999338,0.327104947139708,0.518197184300362,"dec.trend"
"189","X196900294",0.572973938378675,0.0255709111498113,0.163724861667542,"increasing"
"190","X196900357",-0.493137764936024,0.061779780356995,0.259311118468903,"dec.trend"
"191","X196900358",-0.146378561941846,0.602675196486939,0.758873277221033,"dec.trend"
"192","X196900363",-0.415286297224819,0.123715784289176,0.346703625257955,"dec.trend"
"193","X196900418",-0.172011657596179,0.539876430431012,0.708124672432615,"dec.trend"
"194","X196900425",0.528128245268197,0.0430039637763502,0.217855245064807,"increasing"
"195","X196900431",-0.236146662416547,0.39681245718342,0.588401949024813,"dec.trend"
"196","X196900449",-0.225085951120758,0.419922432167383,0.588401949024813,"dec.trend"
"197","X196900451",0.6437526254279,0.00960606617855443,0.098249126852743,"increasing"
"198","X196900481",-0.0944127802011927,0.737862457131606,0.848265817300924,"dec.trend"
"199","X196900488",0.740578450590882,0.00158895358104585,0.0385530316243229,"increasing"
"200","X196900521",0.435935686026678,0.104297210439354,0.322033378869446,"inc.trend"
"201","X196900207",-0.322796958032669,0.240604975258014,0.43640733356581,"dec.trend"
"202","X196900251",0.0590569213784905,0.83439777695466,0.900836944206319,"inc.trend"
"203","X196900284",-0.437217722094079,0.103166454957184,0.321349565778797,"dec.trend"
"204","X196900327",0.074660119292729,0.791440791775511,0.883311337047259,"inc.trend"
"205","X196900329",-0.4539443718762,0.0891897336838473,0.313866162047737,"dec.trend"
"206","X196900359",-0.361698811627577,0.185266539827682,0.389289161674624,"dec.trend"
"207","X196900391",-0.315029822013446,0.252756525080415,0.43640733356581,"dec.trend"
"208","X196900404",-0.315029822013446,0.252756525080415,0.43640733356581,"dec.trend"
"209","X196900513",0.522131902272405,0.0458736015495887,0.224717465064159,"increasing"
"210","X196900524",0.493676915021478,0.0614517739074895,0.259311118468903,"inc.trend"
"211","X196900534",0.840308492595534,8.78836927232885e-05,0.00749394143731621,"increasing"
"212","X196900543",0.495205853057827,0.0605284876485956,0.259311118468903,"inc.trend"
"213","X196900559",0.565112171185361,0.0281503580456826,0.175369122419725,"increasing"
"214","X196900582",0.405369672211951,0.133868211054047,0.346703625257955,"inc.trend"
"215","X196900170",-0.337959081565956,0.217944991533096,0.427543153603223,"dec.trend"
"216","X196900220",0.243249447716485,0.382336306502034,0.583374405941529,"inc.trend"
"217","X196900238",0.00598988618065451,0.983097221384815,0.987380869408279,"inc.trend"
"218","X196900248",-0.700434608319094,0.00363594635966236,0.0645047246821771,"decreasing"
"219","X196900315",0.391265789563854,0.149260085784796,0.373961410580387,"inc.trend"
"220","X196900317",-0.535300713408642,0.0397488954936075,0.209097245538416,"decreasing"
"221","X196900351",-0.494814730380071,0.0607637097241537,0.259311118468903,"dec.trend"
"222","X196900353",0.126285990566378,0.653810622143173,0.797372213777785,"inc.trend"
"223","X196900365",0.41685472407269,0.122159883251436,0.346703625257955,"inc.trend"
"224","X196900367",0.398594506050149,0.141121043901639,0.361426673548088,"inc.trend"
"225","X196900382",0.296876767994026,0.282593347882551,0.468617026524663,"inc.trend"
"226","X196900387",-0.129774138291196,0.644822211636701,0.790593190331168,"dec.trend"
"227","X196900392",-0.315029822013446,0.252756525080415,0.43640733356581,"dec.trend"
"228","X196900399",0.519243707815502,0.047305202105332,0.225648513488114,"increasing"
"229","X196900409",0.310169516361658,0.260547874823635,0.441590331962116,"inc.trend"
"230","X196900424",0.522219082202912,0.0458308927929394,0.224717465064159,"increasing"
"231","X196900445",-0.0429266378315734,0.879266169428147,0.929682807583431,"dec.trend"
"232","X196900473",0.33070302454759,0.228614410064517,0.4319318657958,"inc.trend"
"233","X196900476",0.690977183822649,0.00433762790704445,0.0645047246821771,"increasing"
"234","X196900515",0.783639188587323,0.000546878606115669,0.0215379844193281,"increasing"
"235","X196900539",0.473842875206165,0.0743741567262909,0.276503921377582,"inc.trend"
"236","X196900546",0.658901798866901,0.00755119259925303,0.089258968929632,"increasing"
"237","X196900173",-0.0857115675205063,0.761341492250713,0.869039486794828,"dec.trend"
"238","X196900240",0.021546093106346,0.939247090693864,0.964349462828221,"inc.trend"
"239","X196900244",-0.0117136826872882,0.966951457304734,0.979702465532928,"dec.trend"
"240","X196900299",0.121396124764343,0.666485498773773,0.808552144565024,"inc.trend"
"241","X196900373",0.194549705627576,0.487178225398626,0.667586644494504,"inc.trend"
"242","X196900384",0.553311750232243,0.0323851557777511,0.188981731817003,"increasing"
"243","X196900446",0.312191363970091,0.257289206812075,0.439297497556914,"inc.trend"
"244","X196900461",0.463723928508814,0.0816688184366709,0.294135353900822,"inc.trend"
"245","X196900494",0.643846687485429,0.00959208736551032,0.098249126852743,"increasing"
"246","X196900527",0.788519785893248,0.000477527732412168,0.0215379844193281,"increasing"
"247","X196900533",0.842678757864048,8.02252916407262e-05,0.00749394143731621,"increasing"
"248","X196900152",-0.558349610456261,0.0305224416748038,0.186377407674437,"decreasing"
"249","X196900188",-0.593638315152947,0.0196435655389649,0.153486164634963,"decreasing"
"250","X196900206",0.0156556245209012,0.955838545571675,0.972962013095506,"inc.trend"
"251","X196900256",-0.41145612330851,0.127572321083215,0.346703625257955,"dec.trend"
"252","X196900270",-0.0281175111902107,0.920765245683189,0.956019770855744,"dec.trend"
"253","X196900285",0.0035475606587237,0.989988759157006,0.989988759157006,"inc.trend"
"254","X196900328",-0.154844286161247,0.581617362203868,0.738638027482048,"dec.trend"
"255","X196900369",0.699093435109212,0.00372953881523556,0.0645047246821771,"increasing"
"256","X196900372",0.225221831216681,0.419634389056173,0.588401949024813,"inc.trend"
"257","X196900376",-0.101398401588417,0.719166072953754,0.848265817300924,"dec.trend"
"258","X196900388",-0.406511969862197,0.132670837237654,0.346703625257955,"dec.trend"
"259","X196900410",0.475161660745538,0.0734591324892948,0.275322439654999,"inc.trend"
"260","X196900414",-0.315029822013446,0.252756525080415,0.43640733356581,"dec.trend"
"261","X196900416",0.362739885829159,0.183911035254751,0.389289161674624,"inc.trend"
"262","X196900420",0.688811287645213,0.00451251188251818,0.0650083743075275,"increasing"
"263","X196900495",0.725136512307223,0.00222066565733568,0.0465330394559886,"increasing"
"264","X196900498",0.871674379277374,2.29634008039922e-05,0.00749394143731621,"increasing"
"265","X196900505",0.829980436316567,0.000128642983741197,0.00847205935781313,"increasing"
"266","X196900509",0.68306773160558,0.00500346479871335,0.0664455408330367,"increasing"
"267","X196900514",0.721496124354663,0.0023955221939571,0.0480145970180096,"increasing"
"268","X196900517",0.6532090422529,0.00827822665342511,0.0908633925530708,"increasing"
"269","X196900520",0.65121941454794,0.00854486807136663,0.0916089344395352,"increasing"
"270","X196900522",0.728693257782025,0.00205986097937358,0.0452188529281533,"increasing"
"271","X196900537",0.635498651256219,0.0108960773756253,0.101554662468624,"increasing"
"272","X196900538",0.622577232179678,0.0131821030835301,0.119155872970733,"increasing"
"273","X196900169",-0.366126994210178,0.179545657262342,0.389289161674624,"dec.trend"
"274","X196900212",-0.42750664936917,0.111947433274517,0.335115368438652,"dec.trend"
"275","X196900261",-0.0436761492212249,0.877172715849819,0.929601429900613,"dec.trend"
"276","X196900272",-0.20151797977949,0.471397565204217,0.650641549578275,"dec.trend"
"277","X196900304",-0.250257739946942,0.3683364591513,0.564129925809798,"dec.trend"
"278","X196900306",-0.461277055396511,0.0835065803672931,0.297109047726649,"dec.trend"
"279","X196900332",-0.00423484709816649,0.988049349234063,0.989988759157006,"dec.trend"
"280","X196900375",0.43897273809391,0.101632448993309,0.321349565778797,"inc.trend"
"281","X196900381",0.278151537010154,0.315469902526039,0.508320503574882,"inc.trend"
"282","X196900386",-0.315029822013446,0.252756525080415,0.43640733356581,"dec.trend"
"283","X196900393",-0.3968356183723,0.143046440823801,0.364333752595426,"dec.trend"
"284","X196900408",-0.315029822013446,0.252756525080415,0.43640733356581,"dec.trend"
"285","X196900467",0.260771530068357,0.347869781251579,0.541783679584386,"inc.trend"
"286","X196900518",0.349846654177496,0.201156332772465,0.405075051734751,"inc.trend"
"287","X196900528",0.307588821169378,0.264743524351535,0.447057746249296,"inc.trend"
"288","X196900531",0.529538344443733,0.0423489353907337,0.216920657945869,"increasing"
"289","X196900551",0.276393555460172,0.318665131308332,0.508320503574882,"inc.trend"
"290","X19690010",-0.225085951120758,0.419922432167383,0.588401949024813,"dec.trend"
"291","X19690011",-0.225085951120758,0.419922432167383,0.588401949024813,"dec.trend"
"292","X196900166",-0.574267409010502,0.0251643223411988,0.163724861667542,"decreasing"
"293","X196900281",-0.599851183168489,0.0180861909376019,0.151595164040627,"decreasing"
"294","X196900343",-0.37961821900423,0.162832380158758,0.379023700319785,"dec.trend"
"295","X196900371",0.253490900347971,0.361973800916488,0.556233074075004,"inc.trend"
"296","X196900374",-0.103733040828474,0.712949856053821,0.847677150479156,"dec.trend"
"297","X196900402",-0.277787262677924,0.316130466655086,0.508320503574882,"dec.trend"
"298","X196900426",0.515049858987272,0.0494423117648526,0.230231370945425,"increasing"
"299","X196900438",0.155299486792711,0.580493717053752,0.738638027482048,"inc.trend"
"300","X196900468",-0.101039300791296,0.720123677506173,0.848265817300924,"dec.trend"
"301","X196900472",0.332087669487179,0.226553652361374,0.4319318657958,"inc.trend"
"302","X196900497",0.550127037977119,0.0336059545619659,0.193654313163328,"increasing"
"303","X196900526",0.504738919455787,0.0549978675328241,0.248568793457176,"inc.trend"
"304","X196900532",0.161842399134579,0.564442674490696,0.728874153894148,"inc.trend"
"305","X196900547",0.487662769449944,0.0651830237423615,0.259311118468903,"inc.trend"
"306","X196900561",0.36379184510118,0.182547928307727,0.389289161674624,"inc.trend"
"307","X196900565",0.576471072335121,0.0244829503150217,0.163724861667542,"increasing"
"308","X196900571",0.381610913862939,0.160454481739131,0.377395490212957,"inc.trend"
"309","X196900573",0.381610913862939,0.160454481739131,0.377395490212957,"inc.trend"
"310","X196900580",0.405369672211951,0.133868211054047,0.346703625257955,"inc.trend"
"311","X196900131",-0.176213762115734,0.529864899546987,0.701388732383215,"dec.trend"
"312","X196900232",-0.437217722094079,0.103166454957184,0.321349565778797,"dec.trend"
"313","X196900267",0.00627826466868562,0.982283564945786,0.987380869408279,"inc.trend"
"314","X196900278",-0.393488626757439,0.146759010385592,0.369704392282829,"dec.trend"
"315","X196900290",-0.176945240213809,0.528130673977331,0.701388732383215,"dec.trend"
"316","X196900324",-0.185283288168764,0.508544199936798,0.683495265804268,"dec.trend"
"317","X196900362",-0.0575028023788498,0.838702300075377,0.903368598912964,"dec.trend"
"318","X196900380",0.413617405167086,0.125386206367285,0.346703625257955,"inc.trend"
"319","X196900407",0.385328887215442,0.156079682320224,0.377395490212957,"inc.trend"
"320","X196900421",-0.357904333547545,0.190261902721953,0.39332169127722,"dec.trend"
"321","X196900444",-0.225085951120758,0.419922432167383,0.588401949024813,"dec.trend"
"322","X196900457",-0.0598300947988073,0.832257895613581,0.900635891732068,"dec.trend"
"323","X196900463",-0.0567845687803896,0.840693070379932,0.903402110594752,"dec.trend"
"324","X196900506",0.361307349586968,0.185777907957521,0.389289161674624,"inc.trend"
"325","X196900523",0.521247816912171,0.0463083713255859,0.224717465064159,"increasing"
"326","X196900535",0.330960129126391,0.228230879604876,0.4319318657958,"inc.trend"
"327","X196900540",0.634779201784781,0.0110146054738204,0.101554662468624,"increasing"
"328","X196900552",0.638730314629988,0.0103758658043646,0.0996515444960851,"increasing"
"329","X196900554",0.543172020544681,0.0363917432776426,0.202127634349316,"increasing"
"330","X196900558",0.36379184510118,0.182547928307727,0.389289161674624,"inc.trend"
"331","X196900563",0.381610913862939,0.160454481739131,0.377395490212957,"inc.trend"
"332","X196900578",0.405369672211951,0.133868211054047,0.346703625257955,"inc.trend"
"333","X196900132",-0.143627351067003,0.609582880349629,0.758873277221033,"dec.trend"
"334","X196900254",-0.588413995030998,0.0210308980515548,0.158938426258472,"decreasing"
"335","X196900300",-0.543190987729841,0.0363839188104694,0.202127634349316,"decreasing"
"336","X196900322",-0.334078483600101,0.22361120865956,0.4319318657958,"dec.trend"
"337","X196900326",-0.331891948862696,0.226844232976441,0.4319318657958,"dec.trend"
"338","X196900434",-0.225085951120758,0.419922432167383,0.588401949024813,"dec.trend"
"339","X196900441",-0.225085951120758,0.419922432167383,0.588401949024813,"dec.trend"
"340","X196900442",-0.225085951120758,0.419922432167383,0.588401949024813,"dec.trend"
"341","X196900447",0.194181550861215,0.488018870270386,0.667586644494504,"inc.trend"
"342","X196900452",0.0384618782680463,0.891751595677564,0.938578734263372,"inc.trend"
"343","X196900503",0.338919254422565,0.216557137219835,0.426636069480102,"inc.trend"
"344","X196900516",0.569560775655769,0.0266677382586801,0.16840859366098,"increasing"
"345","X196900519",0.373285827724068,0.170543378371087,0.389289161674624,"inc.trend"
"346","X196900536",0.487262523396776,0.0654370268214569,0.259311118468903,"inc.trend"
"347","X196900550",0.486351467867502,0.0660178682912972,0.259311118468903,"inc.trend"
"348","X196900555",0.717327880327332,0.00260909847256904,0.050116433160597,"increasing"
"349","X19690017",-0.225085951120758,0.419922432167383,0.588401949024813,"dec.trend"
"350","X196900165",-0.58846929870339,0.0210158307025902,0.158938426258472,"decreasing"
"351","X196900273",-0.537373024439796,0.0388435469850269,0.208219478605784,"decreasing"
"352","X196900298",-0.330702832389074,0.228614696863721,0.4319318657958,"dec.trend"
"353","X196900309",-0.329540526054781,0.230353573838412,0.433440806283706,"dec.trend"
"354","X196900321",-0.359969462374331,0.187532510405782,0.391187725326089,"dec.trend"
"355","X196900334",-0.36643421146056,0.179153087655434,0.389289161674624,"dec.trend"
"356","X196900379",-0.0438388359277388,0.876718416365082,0.929601429900613,"dec.trend"
"357","X196900385",-0.0716682997013814,0.799638286901355,0.883311337047259,"dec.trend"
"358","X196900389",-0.312750385341313,0.256392623248271,0.439297497556914,"dec.trend"
"359","X196900403",0.0517052776327874,0.854796582989597,0.914295185053838,"inc.trend"
"360","X196900405",-0.183217632329269,0.513365094814404,0.687688359086088,"dec.trend"
"361","X196900411",-0.315029822013446,0.252756525080415,0.43640733356581,"dec.trend"
"362","X196900415",-0.315029822013446,0.252756525080415,0.43640733356581,"dec.trend"
"363","X196900428",0.0640298330667674,0.82065388310351,0.892267547430939,"inc.trend"
"364","X196900436",-0.0985802872687695,0.726691375529473,0.848265817300924,"dec.trend"
"365","X196900437",-0.23771543593095,0.393590430648717,0.588401949024813,"dec.trend"
"366","X196900456",-0.156211900533437,0.578244155992944,0.738638027482048,"dec.trend"
"367","X196900459",-0.160988421725055,0.566526944152267,0.729522126408366,"dec.trend"
"368","X196900460",-0.166643225857224,0.552786370538242,0.721910812515948,"dec.trend"
"369","X196900462",-0.143627351067003,0.609582880349629,0.758873277221033,"dec.trend"
"370","X196900466",-0.127973770266018,0.649455873300439,0.794162221728124,"dec.trend"
"371","X196900484",0.015328320818906,0.956761001562001,0.972962013095506,"inc.trend"
"372","X196900489",-0.014873792433076,0.95804210531,0.972962013095506,"dec.trend"
"373","X196900502",0.303960452710898,0.270711226688427,0.454741444291437,"inc.trend"
"374","X196900508",0.0320177552989066,0.909813169783113,0.946780747787845,"inc.trend"
"375","X196900510",0.148389877508685,0.597644941847654,0.756325737558822,"inc.trend"
"376","X196900511",0.0320177552989066,0.909813169783113,0.946780747787845,"inc.trend"
"377","X196900512",0.379189387934569,0.16334714309919,0.379023700319785,"inc.trend"
"378","X196900541",0.488864809285558,0.0644244793560475,0.259311118468903,"inc.trend"
"379","X196900542",0.276393555460172,0.318665131308332,0.508320503574882,"inc.trend"
"380","X196900544",0.480509204686137,0.0698315371796708,0.266052385453126,"inc.trend"
"381","X196900549",0.486279087871274,0.0660641733468785,0.259311118468903,"inc.trend"
"382","X196900553",0.48579472899674,0.0663746463759883,0.259311118468903,"inc.trend"
"383","X196900560",0.546232479254441,0.0351454117058484,0.200025120943162,"increasing"
"384","X196900562",0.573459392961999,0.0254177336801512,0.163724861667542,"increasing"
"385","X196900564",0.381610913862939,0.160454481739131,0.377395490212957,"inc.trend"
"386","X196900568",0.381610913862939,0.160454481739131,0.377395490212957,"inc.trend"
"387","X196900581",0.405369672211951,0.133868211054047,0.346703625257955,"inc.trend"
"388","X196900216",-0.437217722094079,0.103166454957184,0.321349565778797,"dec.trend"
"389","X196900243",-0.437217722094079,0.103166454957184,0.321349565778797,"dec.trend"
"390","X196900245",-0.437217722094079,0.103166454957184,0.321349565778797,"dec.trend"
"391","X196900247",-0.437217722094079,0.103166454957184,0.321349565778797,"dec.trend"
"392","X196900257",-0.437217722094079,0.103166454957184,0.321349565778797,"dec.trend"
"393","X196900258",-0.437217722094079,0.103166454957184,0.321349565778797,"dec.trend"
"394","X196900311",-0.437217722094079,0.103166454957184,0.321349565778797,"dec.trend"
"395","X196900313",-0.437217722094079,0.103166454957184,0.321349565778797,"dec.trend"
"396","X196900325",-0.437217722094079,0.103166454957184,0.321349565778797,"dec.trend"
"397","X196900333",-0.437217722094079,0.103166454957184,0.321349565778797,"dec.trend"
"398","X196900342",-0.361698811627577,0.185266539827682,0.389289161674624,"dec.trend"
"399","X196900345",-0.361698811627577,0.185266539827682,0.389289161674624,"dec.trend"
"400","X196900360",-0.361698811627577,0.185266539827682,0.389289161674624,"dec.trend"
"401","X196900364",-0.361698811627577,0.185266539827682,0.389289161674624,"dec.trend"
"402","X196900368",-0.315029822013446,0.252756525080415,0.43640733356581,"dec.trend"
"403","X196900378",-0.315029822013446,0.252756525080415,0.43640733356581,"dec.trend"
"404","X196900394",-0.315029822013446,0.252756525080415,0.43640733356581,"dec.trend"
"405","X196900395",-0.315029822013446,0.252756525080415,0.43640733356581,"dec.trend"
"406","X196900396",-0.315029822013446,0.252756525080415,0.43640733356581,"dec.trend"
"407","X196900397",-0.315029822013446,0.252756525080415,0.43640733356581,"dec.trend"
"408","X196900412",-0.315029822013446,0.252756525080415,0.43640733356581,"dec.trend"
"409","X196900413",-0.315029822013447,0.252756525080415,0.43640733356581,"dec.trend"
"410","X196900417",-0.315029822013446,0.252756525080415,0.43640733356581,"dec.trend"
"411","X196900419",-0.315029822013446,0.252756525080415,0.43640733356581,"dec.trend"
"412","X196900422",-0.315029822013446,0.252756525080415,0.43640733356581,"dec.trend"
"413","X196900423",-0.315029822013446,0.252756525080415,0.43640733356581,"dec.trend"
"414","X196900427",-0.225085951120758,0.419922432167383,0.588401949024813,"dec.trend"
"415","X196900430",-0.225085951120758,0.419922432167383,0.588401949024813,"dec.trend"
"416","X196900432",-0.225085951120758,0.419922432167383,0.588401949024813,"dec.trend"
"417","X196900433",-0.225085951120758,0.419922432167383,0.588401949024813,"dec.trend"
"418","X196900435",-0.225085951120758,0.419922432167383,0.588401949024813,"dec.trend"
"419","X196900439",-0.225085951120758,0.419922432167383,0.588401949024813,"dec.trend"
"420","X196900440",-0.225085951120758,0.419922432167383,0.588401949024813,"dec.trend"
"421","X196900443",-0.225085951120758,0.419922432167383,0.588401949024813,"dec.trend"
"422","X196900448",-0.225085951120758,0.419922432167383,0.588401949024813,"dec.trend"
"423","X196900453",-0.143627351067003,0.609582880349629,0.758873277221033,"dec.trend"
"424","X196900455",-0.143627351067003,0.609582880349629,0.758873277221033,"dec.trend"
"425","X196900470",-0.0842304551944733,0.765357986201085,0.869039486794828,"dec.trend"
"426","X196900471",-0.0842304551944733,0.765357986201085,0.869039486794828,"dec.trend"
"427","X196900474",-0.0842304551944733,0.765357986201085,0.869039486794828,"dec.trend"
"428","X196900477",-0.0944127802011927,0.737862457131606,0.848265817300924,"dec.trend"
"429","X196900478",-0.0944127802011927,0.737862457131606,0.848265817300924,"dec.trend"
"430","X196900479",-0.0944127802011927,0.737862457131606,0.848265817300924,"dec.trend"
"431","X196900480",-0.0944127802011927,0.737862457131606,0.848265817300924,"dec.trend"
"432","X196900482",-0.0944127802011927,0.737862457131606,0.848265817300924,"dec.trend"
"433","X196900483",-0.0944127802011927,0.737862457131606,0.848265817300924,"dec.trend"
"434","X196900485",-0.0944127802011927,0.737862457131606,0.848265817300924,"dec.trend"
"435","X196900486",-0.0698054947682875,0.80475219427299,0.883311337047259,"dec.trend"
"436","X196900487",-0.0698054947682875,0.804752194272991,0.883311337047259,"dec.trend"
"437","X196900490",-0.0698054947682875,0.80475219427299,0.883311337047259,"dec.trend"
"438","X196900491",-0.0698054947682875,0.80475219427299,0.883311337047259,"dec.trend"
"439","X196900493",-0.0698054947682875,0.804752194272991,0.883311337047259,"dec.trend"
"440","X196900501",0.0320177552989066,0.909813169783113,0.946780747787845,"inc.trend"
"441","X196900504",0.0320177552989066,0.909813169783113,0.946780747787845,"inc.trend"
"442","X196900525",0.110082247017089,0.696129974554071,0.833547839660849,"inc.trend"
"443","X196900530",0.161842399134579,0.564442674490696,0.728874153894148,"inc.trend"
"444","X196900545",0.276393555460172,0.318665131308332,0.508320503574882,"inc.trend"
"445","X196900548",0.276393555460172,0.318665131308332,0.508320503574882,"inc.trend"
"446","X196900556",0.363791845101181,0.182547928307727,0.389289161674624,"inc.trend"
"447","X196900557",0.363791845101181,0.182547928307727,0.389289161674624,"inc.trend"
"448","X196900566",0.381610913862939,0.160454481739131,0.377395490212957,"inc.trend"
"449","X196900567",0.381610913862939,0.160454481739131,0.377395490212957,"inc.trend"
"450","X196900570",0.381610913862939,0.160454481739131,0.377395490212957,"inc.trend"
"451","X196900572",0.381610913862939,0.160454481739131,0.377395490212957,"inc.trend"
"452","X196900574",0.405369672211951,0.133868211054047,0.346703625257955,"inc.trend"
"453","X196900575",0.405369672211951,0.133868211054047,0.346703625257955,"inc.trend"
"454","X196900576",0.405369672211951,0.133868211054047,0.346703625257955,"inc.trend"
"455","X196900577",0.405369672211951,0.133868211054047,0.346703625257955,"inc.trend"
"456","X196900579",0.405369672211951,0.133868211054047,0.346703625257955,"inc.trend"
"457","X196900583",0.405369672211951,0.133868211054048,0.346703625257955,"inc.trend"
"458","X196900584",0.405369672211951,0.133868211054047,0.346703625257955,"inc.trend"
"459","X196900585",0.405369672211951,0.133868211054047,0.346703625257955,"inc.trend"
"460","X196900586",0.405369672211951,0.133868211054047,0.346703625257955,"inc.trend"
"461","X196900587",0.405369672211951,0.133868211054047,0.346703625257955,"inc.trend"
